source_file,asset_canonical_id,display_name,category,mapping_status,canonical_id,family_id,slot_id,visual_reference_id,binding_ids,task_reference_ids,target_resource_path,usage_interfaces,variant,mapping_reason,sha256
merged_final_assets/batch01/px_item__entity.item.8a516352a5046efd__v001.png,visual.asset.f2be739b71cb283a,体力宝,item,mapped_explicit_canonical,entity.item.8a516352a5046efd,,,,entity.item.8a516352a5046efd,,assets/authoritative/batch01/f2be739b71cb283a.png,任务|背包|奖励,base,源文件名包含明确 canonical_id，直接绑定正式实体。,f2be739b71cb283a1b38d2dadb1bceacbb3c779cfc947ff4e842d4ac9c8f75f4
merged_final_assets/batch01/px_item__entity.item.c8ce3a99edc5fd2f__v001.png,visual.asset.869b41c0b5a82818,大体力宝,item,mapped_explicit_canonical,entity.item.c8ce3a99edc5fd2f,,,,entity.item.c8ce3a99edc5fd2f,,assets/authoritative/batch01/869b41c0b5a82818.png,任务|背包|奖励,base,源文件名包含明确 canonical_id，直接绑定正式实体。,869b41c0b5a82818508e5b80a47863f3437cca857fea701b5bf07e8e73acee15
merged_final_assets/batch01/px_quest_item__entity.item.878c75fdf5a8a4db__v001.png,visual.asset.bc8cc768455dbaa6,火灵珠,quest_item,mapped_explicit_canonical,entity.item.878c75fdf5a8a4db,,,,entity.item.878c75fdf5a8a4db,,assets/authoritative/batch01/bc8cc768455dbaa6.png,任务|背包|奖励,base,源文件名包含明确 canonical_id，直接绑定正式实体。,bc8cc768455dbaa6509395071b64adb199a8a5169d997b440a2000c17406da66
merged_final_assets/batch01/px_quest_item__entity.item.567e654d2b5ebe9c__v001.png,visual.asset.c2a10abf7d8100a8,照妖镜,quest_item,mapped_explicit_canonical,entity.item.567e654d2b5ebe9c,,,,entity.item.567e654d2b5ebe9c,,assets/authoritative/batch01/c2a10abf7d8100a8.png,任务|背包|奖励,base,源文件名包含明确 canonical_id，直接绑定正式实体。,c2a10abf7d8100a85c2b9a616c14bd6878cfa59582c1a520c8641c1046025f49
merged_final_assets/batch01/px_quest_item__entity.item.c03243eec96ebf87__v001.png,visual.asset.2df03f591d7f0bf6,蓬莱仙岛航海图,quest_item,mapped_explicit_canonical,entity.item.c03243eec96ebf87,,,,entity.item.c03243eec96ebf87,,assets/authoritative/batch01/2df03f591d7f0bf6.png,任务|背包|奖励,base,源文件名包含明确 canonical_id，直接绑定正式实体。,2df03f591d7f0bf6393341c2fdd55bac813cf817449c876804816648fb4ac225
merged_final_assets/batch01/px_treasure__entity.item.bd234f1f1daf22a1__v001.png,visual.asset.a1ab24e68b3d223f,百宝箱,treasure,mapped_explicit_canonical,entity.item.bd234f1f1daf22a1,,,,entity.item.bd234f1f1daf22a1,,assets/authoritative/batch01/a1ab24e68b3d223f.png,任务|背包|奖励,base,源文件名包含明确 canonical_id，直接绑定正式实体。,a1ab24e68b3d223f6a774bdf4019ecfc22334babb8516855b484c45730095ce3
merged_final_assets/batch01/px_equipment__entity.equipment.0a9002051ec96a64__v001.png,visual.asset.1fecb268f22b2f5b,+地魔指环(左),equipment,mapped_explicit_canonical,entity.equipment.0a9002051ec96a64,,,,entity.equipment.0a9002051ec96a64,,assets/authoritative/batch01/1fecb268f22b2f5b.png,装备|背包|战斗,base,源文件名包含明确 canonical_id，直接绑定正式实体。,1fecb268f22b2f5bf54dc112647f8195d8a6df6b3a85e183118408a71a7b91f3
merged_final_assets/batch01/px_equipment__entity.equipment.4ba9089b6dcc3a52__v001.png,visual.asset.b26c7a4d9347b14f,+地魔指环(右),equipment,mapped_explicit_canonical,entity.equipment.4ba9089b6dcc3a52,,,,entity.equipment.4ba9089b6dcc3a52,,assets/authoritative/batch01/b26c7a4d9347b14f.png,装备|背包|战斗,base,源文件名包含明确 canonical_id，直接绑定正式实体。,b26c7a4d9347b14fb43ed53e822bdf3bb7ceb87255d8d4dbfc4e7615717e308f
merged_final_assets/batch01/px_equipment__entity.equipment.4ba9089b6dcc3a52__rare_glow__v001.png,visual.asset.69f3829e1d284667,+地魔指环(右)_稀有发光,equipment,mapped_explicit_canonical,entity.equipment.4ba9089b6dcc3a52,,,,entity.equipment.4ba9089b6dcc3a52,,assets/authoritative/batch01/69f3829e1d284667.png,装备|背包|战斗,rare_glow,源文件名包含明确 canonical_id，直接绑定正式实体。,69f3829e1d28466760730ab09b52cffccbcb783457b0ff8cc0ca399b322425ef
merged_final_assets/batch01/px_equipment__entity.equipment.4ba9089b6dcc3a52__drop_flash__v001.png,visual.asset.3a0fb3667f9d0001,+地魔指环(右)_掉落特效,equipment,mapped_explicit_canonical,entity.equipment.4ba9089b6dcc3a52,,,,entity.equipment.4ba9089b6dcc3a52,,assets/authoritative/batch01/3a0fb3667f9d0001.png,装备|背包|战斗,drop_flash,源文件名包含明确 canonical_id，直接绑定正式实体。,3a0fb3667f9d0001360cd796959441debd7b84bdb0895b82574f96ee10d92204
merged_final_assets/batch01/px_equipment__entity.equipment.ad153fc7e9b82159__v001.png,visual.asset.ff48b5014ab654b4,+地魔龙脊护肩,equipment,mapped_explicit_canonical,entity.equipment.ad153fc7e9b82159,,,,entity.equipment.ad153fc7e9b82159,,assets/authoritative/batch01/ff48b5014ab654b4.png,装备|背包|战斗,base,源文件名包含明确 canonical_id，直接绑定正式实体。,ff48b5014ab654b4fcd96c3e8146ae77e2dadda8229a7aeac224880f5f6ecdd7
merged_final_assets/batch01/px_equipment__entity.equipment.af99781bac5b5b21__v001.png,visual.asset.60eba00a3a7582b1,+地魔回魂之恋,equipment,mapped_explicit_canonical,entity.equipment.af99781bac5b5b21,,,,entity.equipment.af99781bac5b5b21,,assets/authoritative/batch01/60eba00a3a7582b1.png,装备|背包|战斗,base,源文件名包含明确 canonical_id，直接绑定正式实体。,60eba00a3a7582b1004c43f74524e18900b5d4a88d0ceca6fc85e8a7b03b244f
merged_final_assets/batch01/px_equipment__entity.equipment.c633d6db53aca205__v001.png,visual.asset.23dba89384f77071,+地魔龙角羽冠,equipment,mapped_explicit_canonical,entity.equipment.c633d6db53aca205,,,,entity.equipment.c633d6db53aca205,,assets/authoritative/batch01/23dba89384f77071.png,装备|背包|战斗,base,源文件名包含明确 canonical_id，直接绑定正式实体。,23dba89384f77071bd64a7540fb0c7822019c347269301ca5abff40ef01c7981
merged_final_assets/batch01/px_equipment__entity.equipment.d71454a4426cdc9c__v001.png,visual.asset.29b006358be570f6,+地魔龙爪之靴,equipment,mapped_explicit_canonical,entity.equipment.d71454a4426cdc9c,,,,entity.equipment.d71454a4426cdc9c,,assets/authoritative/batch01/29b006358be570f6.png,装备|背包|战斗,base,源文件名包含明确 canonical_id，直接绑定正式实体。,29b006358be570f60b109780f425866efed100c7f820dfb4f67ad0902b57f486
merged_final_assets/batch01/px_equipment__entity.equipment.597b7a87d7ba7771__v001.png,visual.asset.718b6aa738d3ad5c,+地魔龙鳞绑腿,equipment,mapped_explicit_canonical,entity.equipment.597b7a87d7ba7771,,,,entity.equipment.597b7a87d7ba7771,,assets/authoritative/batch01/718b6aa738d3ad5c.png,装备|背包|战斗,base,源文件名包含明确 canonical_id，直接绑定正式实体。,718b6aa738d3ad5c3e523808aae8916b7efe0907fb04176250c6b3f0ec54be11
merged_final_assets/batch01/px_equipment__entity.equipment.1ef177807961d5b6__v001.png,visual.asset.046059111a29b6e4,天魔惊神指,equipment,mapped_explicit_canonical,entity.equipment.1ef177807961d5b6,,,,entity.equipment.1ef177807961d5b6,,assets/authoritative/batch01/046059111a29b6e4.png,装备|背包|战斗,base,源文件名包含明确 canonical_id，直接绑定正式实体。,046059111a29b6e414215c5f20bcd8e64c2e8dde7883b3cda97a7aa35b2efc67
merged_final_assets/batch01/px_equipment__entity.equipment.1ef177807961d5b6__rare_glow__v001.png,visual.asset.c73716e2a8b3642b,天魔惊神指_稀有发光,equipment,mapped_explicit_canonical,entity.equipment.1ef177807961d5b6,,,,entity.equipment.1ef177807961d5b6,,assets/authoritative/batch01/c73716e2a8b3642b.png,装备|背包|战斗,rare_glow,源文件名包含明确 canonical_id，直接绑定正式实体。,c73716e2a8b3642b1d546a09836147bdab543c6abe818444c427931d69f8816c
merged_final_assets/batch01/px_equipment__entity.equipment.67dc4911873e9eed__v001.png,visual.asset.62d1e8d38947d05d,天魔轮回杖,equipment,mapped_explicit_canonical,entity.equipment.67dc4911873e9eed,,,,entity.equipment.67dc4911873e9eed,,assets/authoritative/batch01/62d1e8d38947d05d.png,装备|背包|战斗,base,源文件名包含明确 canonical_id，直接绑定正式实体。,62d1e8d38947d05d63534a96ccf3de8f903500021264e69a3483f8d5313bb55e
merged_final_assets/batch01/px_equipment__entity.equipment.67dc4911873e9eed__rare_glow__v001.png,visual.asset.6b8afa0d088723ca,天魔轮回杖_稀有发光,equipment,mapped_explicit_canonical,entity.equipment.67dc4911873e9eed,,,,entity.equipment.67dc4911873e9eed,,assets/authoritative/batch01/6b8afa0d088723ca.png,装备|背包|战斗,rare_glow,源文件名包含明确 canonical_id，直接绑定正式实体。,6b8afa0d088723ca938e2bc5ba9419a3b041e43615fbc63e8b5821a6bf497a9c
merged_final_assets/batch01/px_equipment__entity.equipment.d319659d3957c117__v001.png,visual.asset.46424fd47c16a8de,天魔风雷链,equipment,mapped_explicit_canonical,entity.equipment.d319659d3957c117,,,,entity.equipment.d319659d3957c117,,assets/authoritative/batch01/46424fd47c16a8de.png,装备|背包|战斗,base,源文件名包含明确 canonical_id，直接绑定正式实体。,46424fd47c16a8de23b994b6215769a122696574e7cc451499b60ff657103e52
merged_final_assets/batch01/px_equipment__entity.equipment.d319659d3957c117__rare_glow__v001.png,visual.asset.1d816a643be62a6d,天魔风雷链_稀有发光,equipment,mapped_explicit_canonical,entity.equipment.d319659d3957c117,,,,entity.equipment.d319659d3957c117,,assets/authoritative/batch01/1d816a643be62a6d.png,装备|背包|战斗,rare_glow,源文件名包含明确 canonical_id，直接绑定正式实体。,1d816a643be62a6d592aa534e9fe404b6b9436f0f0deda86361bb44403699552
merged_final_assets/batch01/px_equipment__entity.equipment.af7da4213d474335__v001.png,visual.asset.ed9b5afd18b127c8,凤凰的右爪,equipment,mapped_explicit_canonical,entity.equipment.af7da4213d474335,,,,entity.equipment.af7da4213d474335,,assets/authoritative/batch01/ed9b5afd18b127c8.png,装备|背包|战斗,base,源文件名包含明确 canonical_id，直接绑定正式实体。,ed9b5afd18b127c821e61f0a5236c113e88e7880227428e20f18888c72a79982
merged_final_assets/batch01/px_equipment__entity.equipment.af7da4213d474335__rare_glow__v001.png,visual.asset.7b60baa165997cdc,凤凰的右爪_稀有发光,equipment,mapped_explicit_canonical,entity.equipment.af7da4213d474335,,,,entity.equipment.af7da4213d474335,,assets/authoritative/batch01/7b60baa165997cdc.png,装备|背包|战斗,rare_glow,源文件名包含明确 canonical_id，直接绑定正式实体。,7b60baa165997cdc460f6c692b259eafdf74ca2d44787d6ea34ece8d98502a0a
merged_final_assets/batch01/px_equipment__entity.equipment.4ff3392bab5f2618__v001.png,visual.asset.5635d287068e904f,麦哲伦之匕,equipment,mapped_explicit_canonical,entity.equipment.4ff3392bab5f2618,,,,entity.equipment.4ff3392bab5f2618,,assets/authoritative/batch01/5635d287068e904f.png,装备|背包|战斗,base,源文件名包含明确 canonical_id，直接绑定正式实体。,5635d287068e904fd57b7e6158b574d657d4d00e118406684b4d4d25723d6cec
merged_final_assets/batch01/px_equipment__entity.equipment.0f88405e7689961e__v001.png,visual.asset.5d3a61a13910dedb,+麦哲伦之匕,equipment,mapped_explicit_canonical,entity.equipment.0f88405e7689961e,,,,entity.equipment.0f88405e7689961e,,assets/authoritative/batch01/5d3a61a13910dedb.png,装备|背包|战斗,base,源文件名包含明确 canonical_id，直接绑定正式实体。,5d3a61a13910dedb96bb86643d441c9ed872345bb7e4185d7f62f5ab6104a44b
merged_final_assets/batch01/px_equipment__entity.equipment.ff0dc7b5f26e07f2__v001.png,visual.asset.2bd044df9ef2b149,麦哲伦之戒,equipment,mapped_explicit_canonical,entity.equipment.ff0dc7b5f26e07f2,,,,entity.equipment.ff0dc7b5f26e07f2,,assets/authoritative/batch01/2bd044df9ef2b149.png,装备|背包|战斗,base,源文件名包含明确 canonical_id，直接绑定正式实体。,2bd044df9ef2b1495909e61f68d39574be26e4697441f2f9e0e22c77169f81f9
merged_final_assets/batch01/px_equipment__entity.equipment.af15ba18a7bcece5__v001.png,visual.asset.14aa01b26493153d,麦哲伦之腰带,equipment,mapped_explicit_canonical,entity.equipment.af15ba18a7bcece5,,,,entity.equipment.af15ba18a7bcece5,,assets/authoritative/batch01/14aa01b26493153d.png,装备|背包|战斗,base,源文件名包含明确 canonical_id，直接绑定正式实体。,14aa01b26493153ddf39395b4f2590cdf8457de31845807fa4d2fb4f125df212
merged_final_assets/batch01/px_equipment__entity.equipment.0f88405e7689961e__rare_glow__v001.png,visual.asset.9f7c534adbe64506,+麦哲伦之匕_稀有发光,equipment,mapped_explicit_canonical,entity.equipment.0f88405e7689961e,,,,entity.equipment.0f88405e7689961e,,assets/authoritative/batch01/9f7c534adbe64506.png,装备|背包|战斗,rare_glow,源文件名包含明确 canonical_id，直接绑定正式实体。,9f7c534adbe645063c01bac22028f58f3862dce55f5b6d4b4cfd4899cf17cead
merged_final_assets/batch01/px_equipment__entity.equipment.ff0dc7b5f26e07f2__rare_glow__v001.png,visual.asset.5a54feeb9b2c2873,麦哲伦之戒_稀有发光,equipment,mapped_explicit_canonical,entity.equipment.ff0dc7b5f26e07f2,,,,entity.equipment.ff0dc7b5f26e07f2,,assets/authoritative/batch01/5a54feeb9b2c2873.png,装备|背包|战斗,rare_glow,源文件名包含明确 canonical_id，直接绑定正式实体。,5a54feeb9b2c28732cdaf15ec84e88752cba899a73064744e8126d78df307ecb
merged_final_assets/batch01/px_equipment__entity.equipment.af15ba18a7bcece5__rare_glow__v001.png,visual.asset.992a5c1a2c1e6cf4,麦哲伦之腰带_稀有发光,equipment,mapped_explicit_canonical,entity.equipment.af15ba18a7bcece5,,,,entity.equipment.af15ba18a7bcece5,,assets/authoritative/batch01/992a5c1a2c1e6cf4.png,装备|背包|战斗,rare_glow,源文件名包含明确 canonical_id，直接绑定正式实体。,992a5c1a2c1e6cf4c0ec2ff33d614926a4819c2d8022767fa6a8089a6d089ed0
merged_final_assets/batch02/01_蓬莱仙岛航海图.png,visual.asset.96f7e62d863b892d,蓬莱仙岛航海图,未分类,mapped_name_family,entity.item.c03243eec96ebf87,visual.family.73dce517c59cdf9a,,,entity.item.c03243eec96ebf87,,assets/authoritative/batch02/96f7e62d863b892d.png,背包|奖励,base,按名称与类型绑定全部一致实体。,96f7e62d863b892defba23d7cd794436b18bce6fde70bd5db2cc56b4c4e7dd57
merged_final_assets/batch02/02_大型鱼带泡船.png,visual.asset.83a2372ad1ef54ad,大型鱼带泡船,未分类,mapped_type_slot,,,visual.ship_type.65d8475a8c58dbb3,,entity.ship.65d8475a8c58dbb3,,assets/authoritative/batch02/83a2372ad1ef54ad.png,航海|船只|海上事件,base,绑定船型或海上事件视觉槽位；同一船型可服务多个正式船只。,83a2372ad1ef54ad6798a8aa40180b91319d4fee7c3fc1e0eae564ee9e088dd7
merged_final_assets/batch02/03_百宝箱.png,visual.asset.3f1c243cca7ad016,百宝箱,未分类,mapped_name_family,entity.item.dced9d406b3780ff,visual.family.7b2a5133349a7018,,,entity.item.dced9d406b3780ff,,assets/authoritative/batch02/3f1c243cca7ad016.png,背包|奖励,base,按名称与类型绑定全部一致实体。,3f1c243cca7ad016a4945ec7c26203f24266521aa1a719854acc26eae802aeeb
merged_final_assets/batch02/04_百宝箱_稀有版.png,visual.asset.a3ba0399ea3ac444,百宝箱·稀有版,未分类,mapped_variant_family,,visual.family.7b2a5133349a7018,,,,,assets/authoritative/batch02/a3ba0399ea3ac444.png,背包|奖励,rare_glow,作为“百宝箱”基础资产的视觉变体使用，不创建独立游戏实体。,a3ba0399ea3ac444e318fcffa97392bf0f87fe3782ca02d3ba96ee1eb472ebe0
merged_final_assets/batch02/05_百宝袋.png,visual.asset.45857985637900b0,百宝袋,未分类,mapped_name_family,runtime.item.f871288f0c675456,visual.family.f871288f0c675456,,,runtime.item.f871288f0c675456,,assets/authoritative/batch02/45857985637900b0.png,背包|奖励,base,按名称与类型绑定全部一致实体。,45857985637900b05b467fdef8376d768252bf39ec7ff5649b1e7e60afdc4f24
merged_final_assets/batch02/06_百宝袋_稀有版.png,visual.asset.3aecdc1be8d47ea4,百宝袋·稀有版,未分类,mapped_variant_family,,visual.family.f871288f0c675456,,,,,assets/authoritative/batch02/3aecdc1be8d47ea4.png,背包|奖励,rare_glow,作为“百宝袋”基础资产的视觉变体使用，不创建独立游戏实体。,3aecdc1be8d47ea4afe9df164514105ff1c0ba8a32497a3e943282cc77223d72
merged_final_assets/batch02/07_哥伦布之刃.png,visual.asset.b2c144c3fc8fbc7e,哥伦布之刃,未分类,mapped_name_family,entity.equipment.db9539f61ee47169,visual.family.db9539f61ee47169,,,entity.equipment.db9539f61ee47169,,assets/authoritative/batch02/b2c144c3fc8fbc7e.png,装备|背包|战斗,base,按名称与类型绑定全部一致实体。,b2c144c3fc8fbc7e3f9ba979a06ee75c1f4cec7e38aa31c0ae593646e961f53f
merged_final_assets/batch02/08_哥伦布之刃_稀有版.png,visual.asset.b292cb58446a131f,哥伦布之刃·稀有版,未分类,mapped_variant_family,,visual.family.db9539f61ee47169,,,,,assets/authoritative/batch02/b292cb58446a131f.png,装备|背包|战斗,rare_glow,作为“哥伦布之刃”基础资产的视觉变体使用，不创建独立游戏实体。,b292cb58446a131f6ebdacc2a07ede44dd28fd09cad35016734daf9a781fbcbe
merged_final_assets/batch02/09_哥伦布防御服.png,visual.asset.8baefc74f9ba1c8c,哥伦布防御服,未分类,mapped_name_family,entity.equipment.01695b52af71584d,visual.family.01695b52af71584d,,,entity.equipment.01695b52af71584d,,assets/authoritative/batch02/8baefc74f9ba1c8c.png,背包|奖励,base,按名称与类型绑定全部一致实体。,8baefc74f9ba1c8c98e359125cbabc7e51c5d25063e52086edde992c74a8af03
merged_final_assets/batch02/10_哥伦布防御服_稀有版.png,visual.asset.11a9e5177911669c,哥伦布防御服·稀有版,未分类,mapped_variant_family,,visual.family.01695b52af71584d,,,,,assets/authoritative/batch02/11a9e5177911669c.png,背包|奖励,rare_glow,作为“哥伦布防御服”基础资产的视觉变体使用，不创建独立游戏实体。,11a9e5177911669c22d857b8e825c11fd1af64cd2ecbb12df16e09716da58fae
merged_final_assets/batch02/11_哥伦布的铁盔.png,visual.asset.ee897b579d5bbb32,哥伦布的铁盔,未分类,mapped_name_family,entity.equipment.98529ccd81558bb0,visual.family.98529ccd81558bb0,,,entity.equipment.98529ccd81558bb0,,assets/authoritative/batch02/ee897b579d5bbb32.png,装备|背包|战斗,base,按名称与类型绑定全部一致实体。,ee897b579d5bbb32f59d9d95ab766c14f83b63bbf8b82e7c37bd1bb328b0c5a5
merged_final_assets/batch02/12_哥伦布的铁盔_稀有版.png,visual.asset.8e2df9864682b160,哥伦布的铁盔·稀有版,未分类,mapped_variant_family,,visual.family.98529ccd81558bb0,,,,,assets/authoritative/batch02/8e2df9864682b160.png,装备|背包|战斗,rare_glow,作为“哥伦布的铁盔”基础资产的视觉变体使用，不创建独立游戏实体。,8e2df9864682b160f0877a784d935970a17717385bf950024b16740094f8985f
merged_final_assets/batch02/13_哥伦布皮长靴.png,visual.asset.e797493f2f8d62a1,哥伦布皮长靴,未分类,mapped_name_family,entity.equipment.f484da158e237d99,visual.family.f484da158e237d99,,,entity.equipment.f484da158e237d99,,assets/authoritative/batch02/e797493f2f8d62a1.png,装备|背包|战斗,base,按名称与类型绑定全部一致实体。,e797493f2f8d62a195856917151a486156365a150d79f0b1ce7d35a873ddea6a
merged_final_assets/batch02/14_哥伦布皮长靴_稀有版.png,visual.asset.63bbc0df8794deb9,哥伦布皮长靴·稀有版,未分类,mapped_variant_family,,visual.family.f484da158e237d99,,,,,assets/authoritative/batch02/63bbc0df8794deb9.png,装备|背包|战斗,rare_glow,作为“哥伦布皮长靴”基础资产的视觉变体使用，不创建独立游戏实体。,63bbc0df8794deb9f746626b482c7e5bf8adcf7bbc0d3e312a5a8c5a4dd01c15
merged_final_assets/batch02/15_桂魄银蟾.png,visual.asset.72e8ca86146a5ce2,桂魄银蟾,未分类,mapped_name_family,entity.equipment.74350968e3e43981,visual.family.74350968e3e43981,,,entity.equipment.74350968e3e43981,,assets/authoritative/batch02/72e8ca86146a5ce2.png,背包|奖励,base,按名称与类型绑定全部一致实体。,72e8ca86146a5ce28832f16269819be0f2bf1a80ef84685fb5ebf7454097c772
merged_final_assets/batch02/16_桂魄银蟾_稀有版.png,visual.asset.c2bb7e097ff3afef,桂魄银蟾·稀有版,未分类,mapped_variant_family,,visual.family.74350968e3e43981,,,,,assets/authoritative/batch02/c2bb7e097ff3afef.png,背包|奖励,rare_glow,作为“桂魄银蟾”基础资产的视觉变体使用，不创建独立游戏实体。,c2bb7e097ff3afefd6c12968a5959e190584621c71ba0b676e8c3eb42c3687a0
merged_final_assets/batch02/17_玉兔绒衣.png,visual.asset.eb6ab5eb2ce91b11,玉兔绒衣,未分类,mapped_name_family,entity.equipment.5de2d5c77fed50a8,visual.family.5de2d5c77fed50a8,,,entity.equipment.5de2d5c77fed50a8,,assets/authoritative/batch02/eb6ab5eb2ce91b11.png,装备|背包|战斗,base,按名称与类型绑定全部一致实体。,eb6ab5eb2ce91b114fe03f77caa0b5539b76828156cbf8347f1d4b907b5e5fd5
merged_final_assets/batch02/18_玉兔绒衣_稀有版.png,visual.asset.b7e0f231ff744683,玉兔绒衣·稀有版,未分类,mapped_variant_family,,visual.family.5de2d5c77fed50a8,,,,,assets/authoritative/batch02/b7e0f231ff744683.png,装备|背包|战斗,rare_glow,作为“玉兔绒衣”基础资产的视觉变体使用，不创建独立游戏实体。,b7e0f231ff744683f8d27d8079e9e52129df76208ec97fbde0451c97fd2633b0
merged_final_assets/batch02/19_月宫仙子冠.png,visual.asset.eae579ba272b94b3,月宫仙子冠,未分类,mapped_name_family,entity.equipment.d77f203df5b97aca,visual.family.d77f203df5b97aca,,,entity.equipment.d77f203df5b97aca,,assets/authoritative/batch02/eae579ba272b94b3.png,装备|背包|战斗,base,按名称与类型绑定全部一致实体。,eae579ba272b94b337136561b0deb5cd83c27a76ba0cedb4611fd8b1423fc9eb
merged_final_assets/batch02/20_月宫仙子冠_稀有版.png,visual.asset.489e29e53a7e919f,月宫仙子冠·稀有版,未分类,mapped_variant_family,,visual.family.d77f203df5b97aca,,,,,assets/authoritative/batch02/489e29e53a7e919f.png,装备|背包|战斗,rare_glow,作为“月宫仙子冠”基础资产的视觉变体使用，不创建独立游戏实体。,489e29e53a7e919fd20ac540dc467763c8a69eb0fba1d51fe98236f66b8c0d3d
merged_final_assets/batch02/21_船锚.png,visual.asset.32119f99f9dc8369,船锚,未分类,mapped_name_family,entity.equipment.10dc3022a8f21331,visual.family.10dc3022a8f21331,,,entity.equipment.10dc3022a8f21331,,assets/authoritative/batch02/32119f99f9dc8369.png,背包|奖励,base,按名称与类型绑定全部一致实体。,32119f99f9dc83699930e4ad532379ea00c254284ded8838b1762f4d995c30b4
merged_final_assets/batch02/22_航海图卷.png,visual.asset.21e1fd289fe9a4c2,航海图卷,未分类,mapped_name_family,entity.equipment.7c42a46337706f8a,visual.family.7c42a46337706f8a,,,entity.equipment.7c42a46337706f8a,,assets/authoritative/batch02/21e1fd289fe9a4c2.png,背包|奖励,base,按名称与类型绑定全部一致实体。,21e1fd289fe9a4c21137959958227943dec3a94ca3e88d7a6ba28743174976aa
merged_final_assets/batch02/23_航海护符.png,visual.asset.627c9c66d8d7a3b5,航海护符,未分类,mapped_name_family,entity.equipment.4c46d06cd54bedad,visual.family.4c46d06cd54bedad,,,entity.equipment.4c46d06cd54bedad,,assets/authoritative/batch02/627c9c66d8d7a3b5.png,背包|奖励,base,按名称与类型绑定全部一致实体。,627c9c66d8d7a3b572c9b4490b406f123378656b59ae40835672eb1f7a6a9d85
merged_final_assets/batch02/24_航海勋章.png,visual.asset.66d852de97be651b,航海勋章,未分类,mapped_name_family,entity.equipment.9af92b48d893bdcd,visual.family.9af92b48d893bdcd,,,entity.equipment.9af92b48d893bdcd,,assets/authoritative/batch02/66d852de97be651b.png,背包|奖励,base,按名称与类型绑定全部一致实体。,66d852de97be651b4982b145c032c7a5a6e676607f712f6759e1bc27da6c5751
merged_final_assets/batch02/25_航海腰带.png,visual.asset.b295b2b63f5470cd,航海腰带,未分类,mapped_name_family,entity.equipment.54f2dd75181c255e,visual.family.54f2dd75181c255e,,,entity.equipment.54f2dd75181c255e,,assets/authoritative/batch02/b295b2b63f5470cd.png,装备|背包|战斗,base,按名称与类型绑定全部一致实体。,b295b2b63f5470cd5a3be9a6dddcc712d84f70a9d0f947822db5d5f5c80db274
merged_final_assets/batch02/26_海军匕首.png,visual.asset.9d40f06b905b1cba,海军匕首,未分类,mapped_name_family,entity.equipment.dded10333118f8e5,visual.family.dded10333118f8e5,,,entity.equipment.dded10333118f8e5,,assets/authoritative/batch02/9d40f06b905b1cba.png,装备|背包|战斗,base,按名称与类型绑定全部一致实体。,9d40f06b905b1cba7e84c890f3ad15e6f34f9dbaa7614c051fbfe7a3fe10475c
merged_final_assets/batch02/27_海军外套.png,visual.asset.4953f24bb13bddfd,海军外套,未分类,mapped_name_family,entity.equipment.15398aab12c7137c,visual.family.15398aab12c7137c,,,entity.equipment.15398aab12c7137c,,assets/authoritative/batch02/4953f24bb13bddfd.png,背包|奖励,base,按名称与类型绑定全部一致实体。,4953f24bb13bddfd289915795ff53aab9a68d22abaabc689d36031be18b1d9a9
merged_final_assets/batch02/28_远洋帆船.png,visual.asset.4b89c25875b79f28,远洋帆船,未分类,mapped_type_slot,,,visual.ship_type.f90a7ca93f90a4c8,,entity.ship.c15e0dbe8ed8061f|entity.ship.1144799cb8ed2a29,,assets/authoritative/batch02/4b89c25875b79f28.png,航海|船只|海上事件,base,绑定船型或海上事件视觉槽位；同一船型可服务多个正式船只。,4b89c25875b79f285b580e3dfb75f1d85fc834465943d54162e77be8b058c6ff
merged_final_assets/batch02/29_红宝石戒指.png,visual.asset.6ff62aa6a9565657,红宝石戒指,未分类,mapped_name_family,entity.equipment.6b334515180fd342,visual.family.6b334515180fd342,,,entity.equipment.6b334515180fd342,,assets/authoritative/batch02/6ff62aa6a9565657.png,装备|背包|战斗,base,按名称与类型绑定全部一致实体。,6ff62aa6a9565657232c1560394de48b01750b982b369652d0ece507321fdaab
merged_final_assets/batch02/30_黄金金币.png,visual.asset.bfaa59656978c54a,黄金金币,未分类,mapped_name_family,runtime.item.ddcee7db71d17ef9,visual.family.ddcee7db71d17ef9,,,runtime.item.ddcee7db71d17ef9,,assets/authoritative/batch02/bfaa59656978c54a.png,背包|奖励,base,按名称与类型绑定全部一致实体。,bfaa59656978c54a5db6c860a95aedc1371ffbc74f471aae181d0c93c5f316be
merged_final_assets/batch03/01_白虎王.png,visual.asset.cb7a478ff0a3093a,白虎王,怪物,mapped_name_family,,visual.family.monster.e6b93b7f2a2ed212,,,derived.monster_definition.516371b31cae97a4,,assets/authoritative/batch03/cb7a478ff0a3093a.png,战斗|任务|掉落提示,base,绑定全部同名怪物定义与放置实例。,cb7a478ff0a3093a9e3497e8b342d7981aa59b59bddb4649588e5dd4f563d139
merged_final_assets/batch03/02_巨红蜈蚣王.png,visual.asset.736c59f387c5d2c7,巨红蜈蚣王,怪物,mapped_name_family,,visual.family.monster.3ace1807fdc85828,,,derived.monster_definition.c5d9bd950593f414,,assets/authoritative/batch03/736c59f387c5d2c7.png,战斗|任务|掉落提示,base,绑定全部同名怪物定义与放置实例。,736c59f387c5d2c736185c473c2a836d1fd0639ed65e65f41fe60414d7a95d0f
merged_final_assets/batch03/03_桃花妖.png,visual.asset.ea961706a90bc9cb,桃花妖,怪物,mapped_name_family,,visual.family.monster.bc69766b8ad1740e,,,derived.monster_definition.5d4992cfd7acccf5,,assets/authoritative/batch03/ea961706a90bc9cb.png,战斗|任务|掉落提示,base,绑定全部同名怪物定义与放置实例。,ea961706a90bc9cbbeea085ade604612b5a0fe7100d0448dd43f2fd1c9aa483d
merged_final_assets/batch03/04_狐仙.png,visual.asset.2199b1031872294c,狐仙,怪物,mapped_name_family,,visual.family.monster.076fd67043cafcde,,,derived.monster_definition.ef74e1d297efebbd,,assets/authoritative/batch03/2199b1031872294c.png,战斗|任务|掉落提示,base,绑定全部同名怪物定义与放置实例。,2199b1031872294c7d138c930c2538a39f82a4216d543eac3b5bc4cdb09c3194
merged_final_assets/batch03/05_千年桐妖.png,visual.asset.f0dc2f66353634c6,千年桐妖,怪物,mapped_name_family,,visual.family.monster.5945d3d04b06c4e2,,,derived.monster_definition.53e8e341a048bf06,,assets/authoritative/batch03/f0dc2f66353634c6.png,战斗|任务|掉落提示,base,绑定全部同名怪物定义与放置实例。,f0dc2f66353634c61f94750674e3042a2991eee21e570b6b0f3fde44ac21d879
merged_final_assets/batch03/06_凤凰.png,visual.asset.aa12641a1eae44d1,凤凰,怪物,mapped_name_family,,visual.family.monster.4dcefb1d667a62e7,,,derived.monster_definition.0e3b863d357f5045,,assets/authoritative/batch03/aa12641a1eae44d1.png,战斗|任务|掉落提示,base,绑定全部同名怪物定义与放置实例。,aa12641a1eae44d17f37a32ed4368a18cc9689c559a2e9c199b740b5fa46b7d3
merged_final_assets/batch03/07_妖龙.png,visual.asset.a1025b8afcbae7c5,妖龙,怪物,mapped_name_family,,visual.family.monster.8ce2ab843b921a9f,,,derived.monster_definition.3da4535f541a7193|derived.monster_definition.b8e76bfec2006ba1,,assets/authoritative/batch03/a1025b8afcbae7c5.png,战斗|任务|掉落提示,base,绑定全部同名怪物定义与放置实例。,a1025b8afcbae7c58df9da6e5a5f1cca5317dc511f8143406768e98cbf4acafc
merged_final_assets/batch03/08_地魔戈蒂拉.png,visual.asset.6bb4240586c31c84,地魔戈蒂拉,怪物,mapped_name_family,,visual.family.monster.42bb6766925f9f5b,,,derived.monster_definition.07daf2876a78b320,,assets/authoritative/batch03/6bb4240586c31c84.png,战斗|任务|掉落提示,base,绑定全部同名怪物定义与放置实例。,6bb4240586c31c84c23492048fb0da46de90b8ae73636bf0889d2921d2ad3c7c
merged_final_assets/batch03/09_千年花妖.png,visual.asset.9e179c1f5184a2b2,千年花妖,怪物,mapped_name_family,,visual.family.monster.22590d85047848c9,,,derived.monster_definition.1baa594335d78cab,,assets/authoritative/batch03/9e179c1f5184a2b2.png,战斗|任务|掉落提示,base,绑定全部同名怪物定义与放置实例。,9e179c1f5184a2b23e67a1976abf9ab639c65c9cdbcae98384e2e28178845e18
merged_final_assets/batch03/10_沼泽蜂.png,visual.asset.a4cd1de2e0e6baed,沼泽蜂,怪物,mapped_name_family,,visual.family.monster.bc5f20a717aaf32b,,,derived.monster_definition.b91b6e5835189db1,,assets/authoritative/batch03/a4cd1de2e0e6baed.png,战斗|任务|掉落提示,base,绑定全部同名怪物定义与放置实例。,a4cd1de2e0e6baed1447cda66c3dc2f4c3c2ffc3bd3d583d4ff1b5ff68511161
merged_final_assets/batch03/11_沼泽鼠.png,visual.asset.f162c725ec58bbfa,沼泽鼠,怪物,mapped_name_family,,visual.family.monster.72bccc1b88342a26,,,derived.monster_definition.1e234cbd770ce19f,,assets/authoritative/batch03/f162c725ec58bbfa.png,战斗|任务|掉落提示,base,绑定全部同名怪物定义与放置实例。,f162c725ec58bbfad74a80d461c08812541b15c0ce0bae6b1ba0c4533fe2aa0b
merged_final_assets/batch03/12_沼泽玄龟.png,visual.asset.ff38938f04585de8,沼泽玄龟,怪物,mapped_name_family,,visual.family.monster.fc3f571066fbd39e,,,derived.monster_definition.4eaa3d4fdf6055e5,,assets/authoritative/batch03/ff38938f04585de8.png,战斗|任务|掉落提示,base,绑定全部同名怪物定义与放置实例。,ff38938f04585de83d96f698223e7f02cd549893831508125706d4265f735578
merged_final_assets/batch03/13_剑齿虎.png,visual.asset.70258f3f38d17e65,剑齿虎,怪物,mapped_name_family,,visual.family.monster.b9e89bda580d55ca,,,derived.monster_definition.57712730b8fe3f15,,assets/authoritative/batch03/70258f3f38d17e65.png,战斗|任务|掉落提示,base,绑定全部同名怪物定义与放置实例。,70258f3f38d17e657e164ead5f6bd5c986ea28dcf79d910d540a55474907ac41
merged_final_assets/batch03/14_火山岩虫头领.png,visual.asset.52a343638f3d087b,火山岩虫头领,怪物,mapped_name_family,,visual.family.monster.b84dbb2d85e2b17e,,,derived.monster_definition.ac9ba8bdfecc01c2,,assets/authoritative/batch03/52a343638f3d087b.png,战斗|任务|掉落提示,base,绑定全部同名怪物定义与放置实例。,52a343638f3d087b9c11a3bb8649cacce8eedfc5cacf6eb53a89f310930bc6cc
merged_final_assets/batch03/15_双头蛇.png,visual.asset.789cdf66caf05e64,双头蛇,怪物,mapped_name_family,,visual.family.monster.db088380128bd430,,,derived.monster_definition.4567a394c91ba81c|derived.monster_definition.e17792f4234017f0,,assets/authoritative/batch03/789cdf66caf05e64.png,战斗|任务|掉落提示,base,绑定全部同名怪物定义与放置实例。,789cdf66caf05e64d51be561515d9b1391c61ae4b03366d4236b58e8039a1cf4
merged_final_assets/batch03/16_灰熊.png,visual.asset.198bd93349c3b806,灰熊,怪物,mapped_name_family,,visual.family.monster.50cb759ee9841d21,,,derived.monster_definition.2235fe1c36b18f7b,,assets/authoritative/batch03/198bd93349c3b806.png,战斗|任务|掉落提示,base,绑定全部同名怪物定义与放置实例。,198bd93349c3b806a17d5ba929ff31beecc0bc5556fc91e90af01ac9570cea5d
merged_final_assets/batch03/17_海贼头目.png,visual.asset.f018e4d71cddd54d,海贼头目,怪物,mapped_name_family,,visual.family.monster.b04b6c1d5f88025f,,,derived.monster_definition.6c94bb3a3d6d3274,,assets/authoritative/batch03/f018e4d71cddd54d.png,战斗|任务|掉落提示,base,绑定全部同名怪物定义与放置实例。,f018e4d71cddd54d6a60b4c3e997c1550e0170ca6ff23ee8aa780803a37ff8bd
merged_final_assets/batch03/18_邪恶山精.png,visual.asset.b12191e42f033ac2,邪恶山精,怪物,mapped_name_family,,visual.family.monster.55dcc83e3eaf5e50,,,derived.monster_definition.c5fbd23de900c566|derived.monster_definition.c8ea153da2cd9ad6,,assets/authoritative/batch03/b12191e42f033ac2.png,战斗|任务|掉落提示,base,绑定全部同名怪物定义与放置实例。,b12191e42f033ac2de650a311dfea9ec63ec8354e4364aece902918ed3b8eadd
merged_final_assets/batch03/19_邪恶水妖.png,visual.asset.ccc98ce6f7a4813a,邪恶水妖,怪物,mapped_name_family,,visual.family.monster.3332c10a7c07f178,,,derived.monster_definition.605cd4a57c72bdb1|derived.monster_definition.c682ffba5b417077,,assets/authoritative/batch03/ccc98ce6f7a4813a.png,战斗|任务|掉落提示,base,绑定全部同名怪物定义与放置实例。,ccc98ce6f7a4813a4270cb776d3fec7c4ea78689fe2f16163c6008e07e5d9a48
merged_final_assets/batch03/20_邪恶花精.png,visual.asset.cd813ccc47bdc01b,邪恶花精,怪物,mapped_name_family,,visual.family.monster.3823d7b7f0515417,,,derived.monster_definition.e64e02d87cec37d8,,assets/authoritative/batch03/cd813ccc47bdc01b.png,战斗|任务|掉落提示,base,绑定全部同名怪物定义与放置实例。,cd813ccc47bdc01b2b0bc68261b467b02ebfbeacc12a0b55cb83a6d746fefc28
merged_final_assets/batch03/21_强化邪恶僵尸.png,visual.asset.77aa4b05f354b62f,强化邪恶僵尸,怪物,mapped_name_family,,visual.family.monster.e584f69d294dab35,,,derived.monster_definition.aad9e371b0446cae,,assets/authoritative/batch03/77aa4b05f354b62f.png,战斗|任务|掉落提示,base,绑定全部同名怪物定义与放置实例。,77aa4b05f354b62f78dba89fd38978080fe0b8cd5a334689e4cef2380db82200
merged_final_assets/batch03/22_地蜘蛛.png,visual.asset.1f8038da11be2c4a,地蜘蛛,怪物,mapped_name_family,,visual.family.monster.d8f4daffae9b9b72,,,derived.monster_definition.0a567fa97330cfa6,,assets/authoritative/batch03/1f8038da11be2c4a.png,战斗|任务|掉落提示,base,绑定全部同名怪物定义与放置实例。,1f8038da11be2c4aaa17f82de6b3b2ac35c055701ec23e4c2a22e1fcab685dd6
merged_final_assets/batch03/23_鳄鱼.png,visual.asset.2e478bb37d8cf777,鳄鱼,怪物,mapped_name_family,,visual.family.monster.18b1ee5bd5a10c01,,,derived.monster_definition.454bdfedcce70cd7|derived.monster_definition.8351cdbe28814f0d,,assets/authoritative/batch03/2e478bb37d8cf777.png,战斗|任务|掉落提示,base,绑定全部同名怪物定义与放置实例。,2e478bb37d8cf77786fbe73570d090db98e729847292ff6eae29543d5cd5f56f
merged_final_assets/batch03/24_山猪.png,visual.asset.58edd7bd9000ee28,山猪,怪物,mapped_name_family,,visual.family.monster.907c2f6ccc7797de,,,derived.monster_definition.ebc9853e7197601c,,assets/authoritative/batch03/58edd7bd9000ee28.png,战斗|任务|掉落提示,base,绑定全部同名怪物定义与放置实例。,58edd7bd9000ee2853ab1d59100a148f8e17f8eedc584544a0291b608cde8184
merged_final_assets/batch03/25_龙虾.png,visual.asset.98e5e2a7c79519d7,龙虾,怪物,mapped_name_family,,visual.family.monster.1102ded688a594d5,,,derived.monster_definition.39f9a83a573c7d74,,assets/authoritative/batch03/98e5e2a7c79519d7.png,战斗|任务|掉落提示,base,绑定全部同名怪物定义与放置实例。,98e5e2a7c79519d7b3db4a5b36c47e8da69b07784dedc7e3094cffbad454c0a4
merged_final_assets/batch03/26_海贼.png,visual.asset.2eee90b38ea9e142,海贼,怪物,mapped_name_family,,visual.family.monster.fe47e60c48e293f4,,,derived.monster_definition.88b89f936d54a33a|derived.monster_definition.cc8797a0a9a1c5e0,,assets/authoritative/batch03/2eee90b38ea9e142.png,战斗|任务|掉落提示,base,绑定全部同名怪物定义与放置实例。,2eee90b38ea9e14219d905e5fdc6d59c47ef72078912b140a331fa73bfa3db37
merged_final_assets/batch03/27_偷渡客.png,visual.asset.44eb92dab78c2bbe,偷渡客,怪物,mapped_name_family,,visual.family.monster.ac777e68de69cd97,,,derived.monster_definition.d14354b96dc1b78b,,assets/authoritative/batch03/44eb92dab78c2bbe.png,战斗|任务|掉落提示,base,绑定全部同名怪物定义与放置实例。,44eb92dab78c2bbe0b9aeb97752148cc0931434a21c46f4771672fd9e6c03f6a
merged_final_assets/batch03/28_走私客.png,visual.asset.9c20a182b385cc34,走私客,怪物,mapped_name_family,,visual.family.monster.05ebf5212f5f91c4,,,derived.monster_definition.1890873a37a412d4,,assets/authoritative/batch03/9c20a182b385cc34.png,战斗|任务|掉落提示,base,绑定全部同名怪物定义与放置实例。,9c20a182b385cc34cf5cb03aa822363b522d9e1fdb9f94760e1b6cefed5ebd82
merged_final_assets/batch03/29_火山岩虫.png,visual.asset.3cc02b990bd9cc34,火山岩虫,怪物,mapped_name_family,,visual.family.monster.8f187d265c524081,,,derived.monster_definition.49a908a39491570f,,assets/authoritative/batch03/3cc02b990bd9cc34.png,战斗|任务|掉落提示,base,绑定全部同名怪物定义与放置实例。,3cc02b990bd9cc3457673e84a958a615bcaab8b17469d1020084e2d5bf4d1ad8
merged_final_assets/batch03/30_鲨鱼.png,visual.asset.a95c67421eda2cc7,鲨鱼,怪物,mapped_name_family,,visual.family.monster.d2f814bc1cb1b007,,,derived.monster_definition.87b78622ebb2d6fb|derived.monster_definition.b6deb5a1556ed060,,assets/authoritative/batch03/a95c67421eda2cc7.png,战斗|任务|掉落提示,base,绑定全部同名怪物定义与放置实例。,a95c67421eda2cc7c555c2aaf27b32e0d6b730950d60a1a52ccb8b49826a1178
merged_final_assets/batch04/01_老板（新手指引）.png,visual.asset.4d9319f657c68937,老板（新手指引）,NPC,mapped_name_family,,visual.family.npc.dbbf0cd1929c17a2,,,derived.npc_definition.910401458dfb1656,,assets/authoritative/batch04/4d9319f657c68937.png,NPC|对话|任务,base,绑定同名 NPC 族。,4d9319f657c689371b337df34fc9d79d8615b02a09df8bdf3ab966382afd20c7
merged_final_assets/batch04/02_福利官.png,visual.asset.0a156730dcb13b93,福利官,NPC,mapped_name_family,,visual.family.npc.f7f8e4459fd4320a,,,derived.npc_definition.e4605e4a14ee8b35,,assets/authoritative/batch04/0a156730dcb13b93.png,NPC|对话|任务,base,绑定同名 NPC 族。,0a156730dcb13b931e9685eabe91b548479e9e81e89d36f80bad29c324c78790
merged_final_assets/batch04/03_卡萨诺.png,visual.asset.df6545cbe9be7556,卡萨诺,NPC,mapped_name_family,,visual.family.npc.be3cfa39e8237b24,,,derived.npc_definition.610b399ed8ff14c4,,assets/authoritative/batch04/df6545cbe9be7556.png,NPC|对话|任务,base,绑定同名 NPC 族。,df6545cbe9be75568b0f22a3555d13dedff1c9b9169702bbf4b8f7720b007fe4
merged_final_assets/batch04/04_赌场老板.png,visual.asset.d61ce3cb0fd0fbea,赌场老板,NPC,mapped_name_family,,visual.family.npc.02b4231899d5b43e,,,derived.npc_definition.4c59cfdefd644bbf,,assets/authoritative/batch04/d61ce3cb0fd0fbea.png,NPC|对话|任务,base,绑定同名 NPC 族。,d61ce3cb0fd0fbeab2ade11eed7ec7b95c8831c831cdeca7c86a6be0da709fde
merged_final_assets/batch04/05_威尼斯公主.png,visual.asset.c849332b6501cd43,威尼斯公主,NPC,mapped_name_family,,visual.family.npc.d933e000e2084d06,,,derived.npc_definition.3dea4b1eac3ad3f3,,assets/authoritative/batch04/c849332b6501cd43.png,NPC|对话|任务,base,绑定同名 NPC 族。,c849332b6501cd439b41dd2ec7f53a67f12c3feeeada7d999e372ae539cdcdf1
merged_final_assets/batch04/06_威尼斯国王.png,visual.asset.f4f48c62356b734c,威尼斯国王,NPC,mapped_name_family,,visual.family.npc.732752f03cc5819a,,,derived.npc_definition.5a8b1f64db717eae,,assets/authoritative/batch04/f4f48c62356b734c.png,NPC|对话|任务,base,绑定同名 NPC 族及已确认别名。,f4f48c62356b734c6207cfaae3dc9fc7e0e2c23f1765cdbc3cc0939b7244fc1b
merged_final_assets/batch04/07_罗西.png,visual.asset.7c2c3e332f462cdf,罗西,NPC,mapped_name_family,,visual.family.npc.10abaa4efdd6c9ba,,,derived.npc_definition.22ba5d6986eb91c4,,assets/authoritative/batch04/7c2c3e332f462cdf.png,NPC|对话|任务,base,绑定同名 NPC 族。,7c2c3e332f462cdfec49114a23cdcb3164d200e3f235178bb59f444242bbc9f8
merged_final_assets/batch04/08_詹姆斯.png,visual.asset.ec5d569e340b8d4e,詹姆斯,NPC,mapped_name_family,,visual.family.npc.b236cc6b41b50a7c,,,derived.npc_definition.b665a8c17a61ab03,,assets/authoritative/batch04/ec5d569e340b8d4e.png,NPC|对话|任务,base,绑定同名 NPC 族。,ec5d569e340b8d4e1369bd8f75e9c0cff3526dd20dfaf95f78d2eed34e4eff69
merged_final_assets/batch04/09_怪博士.png,visual.asset.17c7ed2dbb50231c,怪博士,NPC,mapped_name_family,,visual.family.npc.5f20e7d8f254324b,,,derived.npc_definition.bee94ea22ffa7a68,,assets/authoritative/batch04/17c7ed2dbb50231c.png,NPC|对话|任务,base,绑定同名 NPC 族。,17c7ed2dbb50231c1f5390f8d2f9b54110942924b44e1bbc05ad7fc6063cb8fd
merged_final_assets/batch04/10_多纳多.png,visual.asset.77429f6a13c0d35b,多纳多,NPC,mapped_name_family,,visual.family.npc.abe47143dedc4e73,,,derived.npc_definition.d8593242036fb8d8,,assets/authoritative/batch04/77429f6a13c0d35b.png,NPC|对话|任务,base,绑定同名 NPC 族。,77429f6a13c0d35b864c27c0b7398e96c3c18a1130b65ff8603eb53f411b4ba1
merged_final_assets/batch04/11_露丝.png,visual.asset.49f0c16ed66c4b75,露丝,NPC,mapped_name_family,,visual.family.npc.b7d997cde1864358,,,derived.npc_definition.a73122cf3fc3ea7d|derived.npc_definition.ec645a5bd139ec63,,assets/authoritative/batch04/49f0c16ed66c4b75.png,NPC|对话|任务,base,绑定同名 NPC 族。,49f0c16ed66c4b759f5a8875f5af578e6dc74076b46bb270481c4bb009ca6488
merged_final_assets/batch04/12_保罗.png,visual.asset.c13567b7c96468eb,保罗,NPC,mapped_name_family,,visual.family.npc.ca52f4de445b8782,,,derived.npc_definition.5d175b022c869804,,assets/authoritative/batch04/c13567b7c96468eb.png,NPC|对话|任务,base,绑定同名 NPC 族。,c13567b7c96468eb7d3f4e8d3fc8378eb7d27118864158736e0de5c98e354330
merged_final_assets/batch04/13_宠物饲养员.png,visual.asset.e59d0c2a2028b90d,宠物饲养员,NPC,mapped_name_family,,visual.family.npc.56e7a3d31bb402d9,,,derived.npc_definition.454a01f0db21c5f3,,assets/authoritative/batch04/e59d0c2a2028b90d.png,NPC|对话|任务,base,绑定同名 NPC 族。,e59d0c2a2028b90dae7776d05a0c049cf307b5bed8117be056fdf6e49a6d21db
merged_final_assets/batch04/14_张真人.png,visual.asset.4d02f245fa4bd126,张真人,NPC,mapped_name_family,,visual.family.npc.4b26edf4b3f22542,,,derived.npc_definition.04ec83c2c7c1986b|derived.npc_definition.29975703e29914ea|derived.npc_definition.4412e87686302ed1|derived.npc_definition.485ed9a77e6b7f3d|derived.npc_definition.95a697527b64739f|derived.npc_definition.a3bb0b619be3f60f|derived.npc_definition.a54dfbc2c0432381|derived.npc_definition.c41bd9c7a40ba47d|derived.npc_definition.e778ad82bd06ce84|runtime.contextual-npc.9baa7f5426530ea4,,assets/authoritative/batch04/4d02f245fa4bd126.png,NPC|对话|任务,base,绑定同名 NPC 族。,4d02f245fa4bd126260a6973140dd3f4ec0ad46eb630d14ca1f0ae3fe17d66d5
merged_final_assets/batch04/15_苦难大师.png,visual.asset.b3f27aa3cb767d79,苦难大师,NPC,mapped_name_family,,visual.family.npc.3b4c7d88ca726064,,,derived.npc_definition.59c32cc8b39e083c|derived.npc_definition.8ad6687042990ba2|derived.npc_definition.9cc749bd61841e90|derived.npc_definition.b3d98ee8a8895c77|derived.npc_definition.c18bdf26c5e3da24|derived.npc_definition.d520ae36a2925ca7|derived.npc_definition.dfbc40befe6230ab|runtime.contextual-npc.071708c8b70c9077|runtime.contextual-npc.cddf4763c36a9dcc|runtime.contextual-npc.ef313824d46f569f,,assets/authoritative/batch04/b3f27aa3cb767d79.png,NPC|对话|任务,base,绑定同名 NPC 族。,b3f27aa3cb767d795d72f62042445a5b38bc0a1acb664c60b6e38c44892d15fc
merged_final_assets/batch04/16_韩生.png,visual.asset.187ebe1b1b24ad73,韩生,NPC,mapped_name_family,,visual.family.npc.3cae6a9f247e1b56,,,derived.npc_definition.1ce7c1ba9455f570|derived.npc_definition.7a91c31750136567|derived.npc_definition.8f709c0c7e612f25|derived.npc_definition.bd212cddd716a56b|derived.npc_definition.cee2f504f14a566e|derived.npc_definition.d3a503f9026da4e4,,assets/authoritative/batch04/187ebe1b1b24ad73.png,NPC|对话|任务,base,绑定同名 NPC 族。,187ebe1b1b24ad73cb1c38cef80e232b7c5e0fd7bf409fd29c19badd3adf2236
merged_final_assets/batch04/17_垂钓老人.png,visual.asset.1c9a661753c8f0c8,垂钓老人,NPC,mapped_name_family,,visual.family.npc.9098400ab305be67,,,derived.npc_definition.5ad95b190a11ae42|derived.npc_definition.bfaaf82ed6b8bf88|derived.npc_definition.f13a6e3d34042956|runtime.contextual-npc.c830a9932586a763,,assets/authoritative/batch04/1c9a661753c8f0c8.png,NPC|对话|任务,base,绑定同名 NPC 族。,1c9a661753c8f0c8b429f22f1db81cf3d632077fcab907186d3b1916fc0e4461
merged_final_assets/batch04/18_沈茂.png,visual.asset.86f5d083a4e5170d,沈茂,NPC,mapped_name_family,,visual.family.npc.b7a59d5c49d1d5ae,,,derived.npc_definition.17c6aa509fe7979b|derived.npc_definition.5f791560ab801b00|derived.npc_definition.9eb1d32bd03f96e5|derived.npc_definition.ba57bbc28df9e284,,assets/authoritative/batch04/86f5d083a4e5170d.png,NPC|对话|任务,base,绑定同名 NPC 族。,86f5d083a4e5170ddb98ad5ffb19082a3b166042170ebd282379cc29ed9eba9c
merged_final_assets/batch04/19_商人李.png,visual.asset.85db71eebe3d92fb,商人李,NPC,mapped_name_family,,visual.family.npc.9a6e640a5edefbd7,,,derived.npc_definition.1a591b9cfe3b0695,,assets/authoritative/batch04/85db71eebe3d92fb.png,NPC|对话|任务,base,绑定同名 NPC 族。,85db71eebe3d92fb1c708b1e24a2e6105477683fcb7c4a2ffdeb3c4cff6ddbd4
merged_final_assets/batch04/20_阿巴斯.png,visual.asset.d90f485cec7bd830,阿巴斯,NPC,mapped_name_family,,visual.family.npc.bba9086634faa295,,,derived.npc_definition.9b24322b8a4c3383,,assets/authoritative/batch04/d90f485cec7bd830.png,NPC|对话|任务,base,绑定同名 NPC 族。,d90f485cec7bd830bb19b6c57fd6051320c44582a3e8205bd1109dd54ec3156a
merged_final_assets/batch04/21_侯赛因.png,visual.asset.d021ddcaa2a5688b,侯赛因,NPC,mapped_name_family,,visual.family.npc.3b9370ab4856f25a,,,derived.npc_definition.03030119c55991e5,,assets/authoritative/batch04/d021ddcaa2a5688b.png,NPC|对话|任务,base,绑定同名 NPC 族。,d021ddcaa2a5688b7ceb59e24eafb7e5f9f5baa00685aecc8ac48693742ccfc5
merged_final_assets/batch04/22_马蒂.png,visual.asset.ca2c1d4f771742eb,马蒂,NPC,mapped_name_family,,visual.family.npc.19aaf12e7b627653,,,derived.npc_definition.4f01b60009a1900f|derived.npc_definition.b034f243b90bb5f9,,assets/authoritative/batch04/ca2c1d4f771742eb.png,NPC|对话|任务,base,绑定同名 NPC 族。,ca2c1d4f771742ebd3b16d040c64bcf4b35e8001a2e83ad87dce3b29a13708a9
merged_final_assets/batch04/23_奥布帕斯.png,visual.asset.5374688320e26f80,奥布帕斯,NPC,mapped_name_family,,visual.family.npc.27f10c6b60bc7723,,,derived.npc_definition.e0814f0184257f31,,assets/authoritative/batch04/5374688320e26f80.png,NPC|对话|任务,base,绑定同名 NPC 族。,5374688320e26f807f12fa228a1fb8a9ad3f0efbb0efe86b0f82956bc48c6fe7
merged_final_assets/batch04/24_龙珠使者.png,visual.asset.a5c0e77b2f5b2ad2,龙珠使者,NPC,mapped_name_family,,visual.family.npc.44337ce3687c7d2d,,,derived.npc_definition.535d02054fad5986|derived.npc_definition.cdc87ff242043d2a|runtime.contextual-npc.10b054df73bcb009,,assets/authoritative/batch04/a5c0e77b2f5b2ad2.png,NPC|对话|任务,base,绑定同名 NPC 族。,a5c0e77b2f5b2ad256dd76434d598aaae196dd7676ae9a329c5d85cb076a08af
merged_final_assets/batch04/25_药王.png,visual.asset.dff013f262ed3fc2,药王,NPC,mapped_name_family,,visual.family.npc.01b204ff3a94ac86,,,derived.npc_definition.41e35f6ac4216478|derived.npc_definition.4eddebea422e4fc8|derived.npc_definition.cbf612fc4b209be4|derived.npc_definition.f08c730930814e64|runtime.contextual-npc.0a3a90a82146de9e,,assets/authoritative/batch04/dff013f262ed3fc2.png,NPC|对话|任务,base,绑定同名 NPC 族。,dff013f262ed3fc2441a8fefb2a78b770fa49489616cbff4e05470562d655e4d
merged_final_assets/batch04/26_王一仙.png,visual.asset.ec64a0f4a1ab4904,王一仙,NPC,mapped_name_family,,visual.family.npc.b30af4b202b3822a,,,derived.npc_definition.7af08b2548bc0c6d,,assets/authoritative/batch04/ec64a0f4a1ab4904.png,NPC|对话|任务,base,绑定同名 NPC 族。,ec64a0f4a1ab4904d8e6d6e3983581fc5586c8c063b127f14ffee58f2b09460b
merged_final_assets/batch04/27_小良.png,visual.asset.d6ff39e190e33cfe,小良,NPC,mapped_name_family,,visual.family.npc.b0c63928f7423459,,,derived.npc_definition.09eea3971421762d|derived.npc_definition.7cda6bf09d64ec3c|derived.npc_definition.ce1ea6b16eb679ad,,assets/authoritative/batch04/d6ff39e190e33cfe.png,NPC|对话|任务,base,绑定同名 NPC 族。,d6ff39e190e33cfe8e9cf5c44a7a06c11ede6b23a71a3505baed2ed8ab033cf7
merged_final_assets/batch04/28_吕洞宾.png,visual.asset.66edcb4dfa27eebe,吕洞宾,NPC,mapped_name_family,,visual.family.npc.7ef48a579e78e636,,,derived.npc_definition.9a40c3b4b13a16b1,,assets/authoritative/batch04/66edcb4dfa27eebe.png,NPC|对话|任务,base,绑定同名 NPC 族。,66edcb4dfa27eebebf57bc867464d517f3fed8c1897767c1bc08dd01b1b74cc9
merged_final_assets/batch04/29_张果老.png,visual.asset.6c8740596b1522ef,张果老,NPC,mapped_name_family,,visual.family.npc.1fbc51c160b42fae,,,derived.npc_definition.aa8a146e7932a65c,,assets/authoritative/batch04/6c8740596b1522ef.png,NPC|对话|任务,base,绑定同名 NPC 族。,6c8740596b1522efd969262c71775876fcb7c927e2a9ce6c7ec89c774f5f5e12
merged_final_assets/batch04/30_干将.png,visual.asset.a70216837a7c2d1c,干将,NPC,mapped_name_family,,visual.family.npc.d6d7787f89e4177b,,,derived.npc_definition.d04d842572ecfcd9,,assets/authoritative/batch04/a70216837a7c2d1c.png,NPC|对话|任务,base,绑定同名 NPC 族。,a70216837a7c2d1c0722663012c4d1f63d9f22894db1d1cc1bc603aac90f9ef1
merged_final_assets/batch05/11_大型鱼带泡船.png,visual.asset.3ba7bec321e17913,大型鱼带泡船,船只,mapped_type_slot,,,visual.ship_type.65d8475a8c58dbb3,,entity.ship.65d8475a8c58dbb3,,assets/authoritative/batch05/3ba7bec321e17913.png,航海|船只|海上事件,base,绑定船型或海上事件视觉槽位；同一船型可服务多个正式船只。,3ba7bec321e1791397afda58e6e1585f67e2176c2159833deda96ed798134a1b
merged_final_assets/batch05/12_宠物蛋.png,visual.asset.819d91229ac64bab,宠物蛋,宠物/鱼类,mapped_type_slot,,,visual.pet_type.21f55d86220a0229,,,,assets/authoritative/batch05/819d91229ac64bab.png,宠物|任务|状态,base,绑定宠物视觉类型槽位；不创建宠物或物品事实。,819d91229ac64bab406d4f5dc5623c0cd64209d19a48d756e83663c817717914
merged_final_assets/batch05/13_小猫.png,visual.asset.df8437f6816f6964,小猫,宠物/鱼类,mapped_type_slot,,,visual.pet_type.3ecbdba2ef9bc82d,,,,assets/authoritative/batch05/df8437f6816f6964.png,宠物|任务|状态,base,绑定宠物视觉类型槽位；不创建宠物或物品事实。,df8437f6816f696498909158b5b9031626d14355d2832c8d0c0c3c584dfa56c5
merged_final_assets/batch05/14_小狗.png,visual.asset.cb53bc5621510027,小狗,宠物/鱼类,mapped_type_slot,,,visual.pet_type.291b0888f1c619c3,,,,assets/authoritative/batch05/cb53bc5621510027.png,宠物|任务|状态,base,绑定宠物视觉类型槽位；不创建宠物或物品事实。,cb53bc562151002704bb9c45dc452e414f3bba80d7fe3baa70abe1021b71c4b1
merged_final_assets/batch05/15_鹦鹉.png,visual.asset.7db3c05cd74b06af,鹦鹉,宠物/鱼类,mapped_type_slot,,,visual.pet_type.410227943bae35a8,,,,assets/authoritative/batch05/7db3c05cd74b06af.png,宠物|任务|状态,base,绑定宠物视觉类型槽位；不创建宠物或物品事实。,7db3c05cd74b06afee8febd7669b8052b711c08c573a6d19233439b1cad751df
merged_final_assets/batch05/16_小猴.png,visual.asset.2e5a2ace62927302,小猴,宠物/鱼类,mapped_type_slot,,,visual.pet_type.53c44e98705d70c3,,,,assets/authoritative/batch05/2e5a2ace62927302.png,宠物|任务|状态,base,绑定宠物视觉类型槽位；不创建宠物或物品事实。,2e5a2ace629273026f49cb3cd9d68d89e4b6c3619ef24f83c63441283a7978e6
merged_final_assets/batch05/17_小海龟.png,visual.asset.3955176560b86d99,小海龟,宠物/鱼类,mapped_type_slot,,,visual.pet_type.a74a0a4a32457830,,,,assets/authoritative/batch05/3955176560b86d99.png,宠物|任务|状态,base,绑定宠物视觉类型槽位；不创建宠物或物品事实。,3955176560b86d998b640329bfb43eabcf2470f3b66bbf9a2418adeb2115ecac
merged_final_assets/batch05/18_玉兔.png,visual.asset.27eb0a7123911fb1,玉兔,宠物/鱼类,mapped_type_slot,,,visual.pet_type.d96d2ada9abb8282,,,,assets/authoritative/batch05/27eb0a7123911fb1.png,宠物|任务|状态,base,绑定宠物视觉类型槽位；不创建宠物或物品事实。,27eb0a7123911fb1e1255b18e0af37d1ce73b6d2c1e976c3ae9f8097dd3b8274
merged_final_assets/batch05/19_幼狐.png,visual.asset.670e3426830edc9a,幼狐,宠物/鱼类,mapped_type_slot,,,visual.pet_type.493282d4adbd9599,,,,assets/authoritative/batch05/670e3426830edc9a.png,宠物|任务|状态,base,绑定宠物视觉类型槽位；不创建宠物或物品事实。,670e3426830edc9ac12ecbfd5c20d2faae33485cb3fa198aaccc870dcbb0b27d
merged_final_assets/batch05/20_狼崽.png,visual.asset.da0d8a8596e14e18,狼崽,宠物/鱼类,mapped_type_slot,,,visual.pet_type.0171305d7e605fbe,,,,assets/authoritative/batch05/da0d8a8596e14e18.png,宠物|任务|状态,base,绑定宠物视觉类型槽位；不创建宠物或物品事实。,da0d8a8596e14e189860195037461dc4a14d45af95de85d9a945cb647cc1bc31
merged_final_assets/batch05/21_凤凰雏鸟.png,visual.asset.9bc7828aef7ca598,凤凰雏鸟,宠物/鱼类,mapped_type_slot,,,visual.pet_type.c4751b79714bd743,,,,assets/authoritative/batch05/9bc7828aef7ca598.png,宠物|任务|状态,base,绑定宠物视觉类型槽位；不创建宠物或物品事实。,9bc7828aef7ca598c4ae57f0aae92226b3cf89adb34d96d8b7429efbbb1e2e16
merged_final_assets/batch05/22_小龙.png,visual.asset.26cbabc83c3af0d1,小龙,宠物/鱼类,mapped_type_slot,,,visual.pet_type.dc7874cb49698a9a,,,,assets/authoritative/batch05/26cbabc83c3af0d1.png,宠物|任务|状态,base,绑定宠物视觉类型槽位；不创建宠物或物品事实。,26cbabc83c3af0d18046ed4cd1db522556595b8e28698209a77854107ca2f969
merged_final_assets/batch05/23_沙丁鱼.png,visual.asset.a7112e17c1338529,沙丁鱼,宠物/鱼类,mapped_type_slot,,,visual.fish_type.3fff209575c5c5ce,,entity.item.ea2bd40c4d621957,,assets/authoritative/batch05/a7112e17c1338529.png,钓鱼|航海|背包,base,绑定鱼类视觉类型槽位；不创建宠物或物品事实。,a7112e17c13385298f2177abaa68bb7babe62b28bca56af4b7abddf9a4bc7117
merged_final_assets/batch05/24_金枪鱼.png,visual.asset.e0ae2906e6d24667,金枪鱼,宠物/鱼类,mapped_type_slot,,,visual.fish_type.e4a7291f4d30c1da,,entity.item.171fa2b2decb00e4,,assets/authoritative/batch05/e0ae2906e6d24667.png,钓鱼|航海|背包,base,绑定鱼类视觉类型槽位；不创建宠物或物品事实。,e0ae2906e6d24667f04b9a4e4d83aa0ce8da85afebf3602d2ec7ff233327d767
merged_final_assets/batch05/25_鳕鱼.png,visual.asset.35859782f8f01284,鳕鱼,宠物/鱼类,mapped_type_slot,,,visual.fish_type.639f562dde3f4d39,,entity.item.0f8b49af64bf2861,,assets/authoritative/batch05/35859782f8f01284.png,钓鱼|航海|背包,base,绑定鱼类视觉类型槽位；不创建宠物或物品事实。,35859782f8f0128483c92f66f72b07b9fe1b8e0758290db55efa1f60d97765bb
merged_final_assets/batch05/26_鲑鱼.png,visual.asset.2590ca7a8452a25e,鲑鱼,宠物/鱼类,mapped_type_slot,,,visual.fish_type.df9ccd92ec9d49f8,,entity.item.df9ccd92ec9d49f8,,assets/authoritative/batch05/2590ca7a8452a25e.png,钓鱼|航海|背包,base,绑定鱼类视觉类型槽位；不创建宠物或物品事实。,2590ca7a8452a25e001d9041cfc6aca4ebac9c89b65bc02d2200d94a1d5c5313
merged_final_assets/batch05/27_龙虾.png,visual.asset.7e255199dfdd650e,龙虾,宠物/鱼类,mapped_type_slot,,,visual.pet_type.1102ded688a594d5,,,,assets/authoritative/batch05/7e255199dfdd650e.png,宠物|任务|状态,base,绑定宠物视觉类型槽位；不创建宠物或物品事实。,7e255199dfdd650ecb421b2b2be84b7afb07a2be3604e824361e216040f0cc8c
merged_final_assets/batch05/28_螃蟹.png,visual.asset.6fb517ac1df8ebc3,螃蟹,宠物/鱼类,mapped_type_slot,,,visual.fish_type.3efc0d87f78ee263,,entity.item.3efc0d87f78ee263,,assets/authoritative/batch05/6fb517ac1df8ebc3.png,钓鱼|航海|背包,base,绑定鱼类视觉类型槽位；不创建宠物或物品事实。,6fb517ac1df8ebc397d22ef0cb0dd8905d8c6a5c6e721d0b113c52836cb9640f
merged_final_assets/batch05/29_章鱼.png,visual.asset.77590ce7484845b1,章鱼,宠物/鱼类,mapped_type_slot,,,visual.fish_type.ae1d91f7dc68ff3c,,entity.item.ae1d91f7dc68ff3c,,assets/authoritative/batch05/77590ce7484845b1.png,钓鱼|航海|背包,base,绑定鱼类视觉类型槽位；不创建宠物或物品事实。,77590ce7484845b191ab59e7f36a67ea8898604ffa7cc8a23a503034e291b69c
merged_final_assets/batch05/30_剑鱼.png,visual.asset.7a019de2bf76ae85,剑鱼,宠物/鱼类,mapped_type_slot,,,visual.fish_type.4e09967b7446105d,,entity.item.d8de9d63303ed6b4,,assets/authoritative/batch05/7a019de2bf76ae85.png,钓鱼|航海|背包,base,绑定鱼类视觉类型槽位；不创建宠物或物品事实。,7a019de2bf76ae851cb8e9db3961d08e289c8930b71c83f92f8d745cd0f3d68a
merged_final_assets/batch06/01_神秘铁箱.png,visual.asset.e0da3a737a7c5e70,神秘铁箱,关键任务物/宝藏,mapped_task_reference,,,,visual.task_item.2a9aa899c7614126,,task.series.05.032|task.series.05.033|task.series.05.034|task.series.05.035|task.series.05.036|task.series.05.037|task.series.05.038|task.series.05.039,assets/authoritative/batch06/e0da3a737a7c5e70.png,任务|背包|奖励|特殊场景,base,用户确认的任务物视觉引用；仅参与任务、背包、奖励或特殊场景显示，不创建事实实体。,e0da3a737a7c5e70dd9e38bc07c9c8a3338aebc1266e3e4c506c37a49cf4cabb
merged_final_assets/batch06/02_通商卷轴.png,visual.asset.69d515f5e752addb,通商卷轴,关键任务物/宝藏,mapped_task_reference,,,,visual.task_item.9216af6fd9009442,,task.series.13.101|task.series.13.102,assets/authoritative/batch06/69d515f5e752addb.png,任务|背包|奖励|特殊场景,base,用户确认的任务物视觉引用；仅参与任务、背包、奖励或特殊场景显示，不创建事实实体。,69d515f5e752addb70e316ec2da966c967514876793c4ca8e32b972c26b859e7
merged_final_assets/batch06/03_通商文书.png,visual.asset.c3074e2b482628bd,通商文书,关键任务物/宝藏,mapped_task_reference,,,,visual.task_item.4e87ebf02b34f737,,task.series.13.101|task.series.13.102,assets/authoritative/batch06/c3074e2b482628bd.png,任务|背包|奖励|特殊场景,base,用户确认的任务物视觉引用；仅参与任务、背包、奖励或特殊场景显示，不创建事实实体。,c3074e2b482628bd3593e33fa09ff3cabd8cdd8fa580a9968f7e67cb2ba082ce
merged_final_assets/batch06/04_密封信函.png,visual.asset.1613f94f153dfbfb,密封信函,关键任务物/宝藏,mapped_task_reference,,,,visual.task_item.80799273a1951294,,task.series.13.154|task.series.13.156,assets/authoritative/batch06/1613f94f153dfbfb.png,任务|背包|奖励|特殊场景,base,用户确认的任务物视觉引用；仅参与任务、背包、奖励或特殊场景显示，不创建事实实体。,1613f94f153dfbfb5934d7fdbaffdbb9aa3b02f5c959b08f99543053f49106d1
merged_final_assets/batch06/05_圣火令.png,visual.asset.bc447f0f9eabc465,圣火令,关键任务物/宝藏,mapped_task_reference,,,,visual.task_item.2a16eba99d838ed0,,task.series.13.101|task.series.13.102|task.series.13.103|task.series.13.104|task.series.13.105|task.series.13.106|task.series.13.107|task.series.13.108|task.series.13.109|task.series.13.110|task.series.13.111|task.series.13.112|task.series.13.113|task.series.13.114|task.series.13.115|task.series.13.116|task.series.13.117|task.series.13.118|task.series.13.119|task.series.13.120|task.series.13.121|task.series.13.122|task.series.13.123|task.series.13.124|task.series.13.125|task.series.13.126|task.series.13.127|task.series.13.128|task.series.13.129|task.series.13.130|task.series.13.131|task.series.13.132|task.series.13.133|task.series.13.134|task.series.13.135|task.series.13.136|task.series.13.137|task.series.13.138|task.series.13.139|task.series.13.140|task.series.13.141|task.series.13.142|task.series.13.143|task.series.13.144|task.series.13.145|task.series.13.146|task.series.13.147|task.series.13.148|task.series.13.149|task.series.13.150|task.series.13.151|task.series.13.152|task.series.13.153|task.series.13.154|task.series.13.155|task.series.13.156|task.series.13.157|task.series.13.158|task.series.13.159|task.series.13.160|task.series.13.161|task.series.13.162|task.series.13.163|task.series.13.164|task.series.13.165|task.series.13.166|task.series.13.167|task.series.13.168|task.series.13.169,assets/authoritative/batch06/bc447f0f9eabc465.png,任务|背包|奖励|特殊场景,base,用户确认的任务物视觉引用；仅参与任务、背包、奖励或特殊场景显示，不创建事实实体。,bc447f0f9eabc465f02c62f637ff8aeebfa56f0d80081fce0f7854e3b0bfd3a4
merged_final_assets/batch06/06_亚丁权杖.png,visual.asset.ce47591c3b513761,亚丁权杖,关键任务物/宝藏,mapped_task_reference,,,,visual.task_item.3ad18738be2bb7d3,,task.series.13.101|task.series.13.102,assets/authoritative/batch06/ce47591c3b513761.png,任务|背包|奖励|特殊场景,base,用户确认的任务物视觉引用；仅参与任务、背包、奖励或特殊场景显示，不创建事实实体。,ce47591c3b5137611060e8d34517cb8e7d646e36adc8fee115503b0cad238c3a
merged_final_assets/batch06/07_龙珠碎片·赤.png,visual.asset.728b65c6eee648c4,龙珠碎片·赤,关键任务物/宝藏,mapped_task_reference,,,,visual.task_item.9e7f9214ce7d878c,,task.series.12.100|task.series.13.165|task.series.15.210|task.series.15.264,assets/authoritative/batch06/728b65c6eee648c4.png,任务|背包|奖励|特殊场景,base,用户确认的任务物视觉引用；仅参与任务、背包、奖励或特殊场景显示，不创建事实实体。,728b65c6eee648c4c4702444c131023694a849651647bf81fbe2e24b4646261f
merged_final_assets/batch06/08_龙珠碎片·蓝.png,visual.asset.cf50d3f3a09aafa0,龙珠碎片·蓝,关键任务物/宝藏,mapped_task_reference,,,,visual.task_item.fdeae4a1e1999008,,task.series.12.100|task.series.13.165|task.series.15.210|task.series.15.264,assets/authoritative/batch06/cf50d3f3a09aafa0.png,任务|背包|奖励|特殊场景,base,用户确认的任务物视觉引用；仅参与任务、背包、奖励或特殊场景显示，不创建事实实体。,cf50d3f3a09aafa0aa88bb377e073c4a7ee39cf412e339bc26e4188f9ebb0036
merged_final_assets/batch06/09_龙珠碎片·绿.png,visual.asset.4c2853b5d99d20ca,龙珠碎片·绿,关键任务物/宝藏,mapped_task_reference,,,,visual.task_item.83a060a1778749f9,,task.series.12.100|task.series.13.165|task.series.15.210|task.series.15.264,assets/authoritative/batch06/4c2853b5d99d20ca.png,任务|背包|奖励|特殊场景,base,用户确认的任务物视觉引用；仅参与任务、背包、奖励或特殊场景显示，不创建事实实体。,4c2853b5d99d20ca725e6632afe69fef6bc974cb8b7d8036bdce55f8530e71a1
merged_final_assets/batch06/10_龙珠碎片·金.png,visual.asset.84ceed7d2e463342,龙珠碎片·金,关键任务物/宝藏,mapped_task_reference,,,,visual.task_item.e1d46972982fafa9,,task.series.12.100|task.series.13.165|task.series.15.210|task.series.15.264,assets/authoritative/batch06/84ceed7d2e463342.png,任务|背包|奖励|特殊场景,base,用户确认的任务物视觉引用；仅参与任务、背包、奖励或特殊场景显示，不创建事实实体。,84ceed7d2e463342d9bc4421cbe8b32663b14f5a1f88c75d6edd94f15ab52870
merged_final_assets/batch06/11_加封谕旨.png,visual.asset.50313c1df3219366,加封谕旨,关键任务物/宝藏,mapped_task_reference,,,,visual.task_item.25fb8273a4b5eedc,,task.series.13.101|task.series.13.102,assets/authoritative/batch06/50313c1df3219366.png,任务|背包|奖励|特殊场景,base,用户确认的任务物视觉引用；仅参与任务、背包、奖励或特殊场景显示，不创建事实实体。,50313c1df321936659829d715402423a87bca3224e8e05ededd84ca6c36ad676
merged_final_assets/batch06/12_古航海图.png,visual.asset.3a4bc277e544e921,古航海图,关键任务物/宝藏,mapped_task_reference,,,,visual.task_item.042e15fef31f26be,,task.series.13.160|task.series.13.161,assets/authoritative/batch06/3a4bc277e544e921.png,任务|背包|奖励|特殊场景,base,用户确认的任务物视觉引用；仅参与任务、背包、奖励或特殊场景显示，不创建事实实体。,3a4bc277e544e9217ea8fb018471a006e3f72bed81f91f1c88e7e458c37ffc5b
merged_final_assets/batch06/13_航海罗盘.png,visual.asset.aece4487918b8262,航海罗盘,关键任务物/宝藏,mapped_task_reference,,,,visual.task_item.8f79cc1311a40f9d,,task.series.13.160|task.series.13.161,assets/authoritative/batch06/aece4487918b8262.png,任务|背包|奖励|特殊场景,base,用户确认的任务物视觉引用；仅参与任务、背包、奖励或特殊场景显示，不创建事实实体。,aece4487918b8262ebc08563a342e2684de9ad9d1ff06a810a203bfa50b2bdc8
merged_final_assets/batch06/14_黑铁钥匙.png,visual.asset.78924bd263722838,黑铁钥匙,关键任务物/宝藏,mapped_task_reference,,,,visual.task_item.8b74a7b28060691a,,task.series.15.295,assets/authoritative/batch06/78924bd263722838.png,任务|背包|奖励|特殊场景,base,用户确认的任务物视觉引用；仅参与任务、背包、奖励或特殊场景显示，不创建事实实体。,78924bd263722838f0df0cfc083b955980af32c92a562cfd968c07a8627f99fc
merged_final_assets/batch06/15_铜钥匙.png,visual.asset.8fb2d6fa8057fd21,铜钥匙,关键任务物/宝藏,mapped_task_reference,,,,visual.task_item.ff6cef9d8a68451b,,task.series.15.295,assets/authoritative/batch06/8fb2d6fa8057fd21.png,任务|背包|奖励|特殊场景,base,用户确认的任务物视觉引用；仅参与任务、背包、奖励或特殊场景显示，不创建事实实体。,8fb2d6fa8057fd21c2b5b42a6e5a01d43fe85a8f1ed033d08230185f688224a6
merged_final_assets/batch06/16_银钥匙.png,visual.asset.76a04a324a178858,银钥匙,关键任务物/宝藏,mapped_task_reference,,,,visual.task_item.372e7a0da738d7b6,,task.series.15.295,assets/authoritative/batch06/76a04a324a178858.png,任务|背包|奖励|特殊场景,base,用户确认的任务物视觉引用；仅参与任务、背包、奖励或特殊场景显示，不创建事实实体。,76a04a324a178858dc5327e9b1c3f22a437011a58ad5222a0b9ad6974ae28a89
merged_final_assets/batch06/17_金钥匙.png,visual.asset.d8c362088a5a89eb,金钥匙,关键任务物/宝藏,mapped_task_reference,,,,visual.task_item.abb9d800063cd3bc,,task.series.15.295,assets/authoritative/batch06/d8c362088a5a89eb.png,任务|背包|奖励|特殊场景,base,用户确认的任务物视觉引用；仅参与任务、背包、奖励或特殊场景显示，不创建事实实体。,d8c362088a5a89eb9a201543875de3bac99eca36c15129829de9ef4a02cfa7dc
merged_final_assets/batch06/18_骷髅钥匙.png,visual.asset.afd1f8be6cea76bc,骷髅钥匙,关键任务物/宝藏,mapped_task_reference,,,,visual.task_item.e9073c5038adbde4,,task.series.15.295,assets/authoritative/batch06/afd1f8be6cea76bc.png,任务|背包|奖励|特殊场景,base,用户确认的任务物视觉引用；仅参与任务、背包、奖励或特殊场景显示，不创建事实实体。,afd1f8be6cea76bc400e4ade0204270cb264cb483d6d339260d2b7cfa936a0a3
merged_final_assets/batch06/19_律法纹章.png,visual.asset.13d17f7c06012105,律法纹章,关键任务物/宝藏,mapped_task_reference,,,,visual.task_item.b8db0ebdcf750fa5,,task.series.13.101|task.series.13.102,assets/authoritative/batch06/13d17f7c06012105.png,任务|背包|奖励|特殊场景,base,用户确认的任务物视觉引用；仅参与任务、背包、奖励或特殊场景显示，不创建事实实体。,13d17f7c060121051afd75ae8f150312d7dcf3638fe583935c6c3e8529432402
merged_final_assets/batch06/20_印蜡官印.png,visual.asset.7a84a49f50c0ac62,印蜡官印,关键任务物/宝藏,mapped_task_reference,,,,visual.task_item.7ec5b65b1a6036f9,,task.series.12.100|task.series.13.101,assets/authoritative/batch06/7a84a49f50c0ac62.png,任务|背包|奖励|特殊场景,base,用户确认的任务物视觉引用；仅参与任务、背包、奖励或特殊场景显示，不创建事实实体。,7a84a49f50c0ac62cb30bc292cd26441e02bfeedbf50893b1664ed0429654a5a
merged_final_assets/batch06/21_蓝纹宝箱.png,visual.asset.f6e0e9f7b23e9f42,蓝纹宝箱,关键任务物/宝藏,mapped_task_reference,,,,visual.task_item.9fa15c36e7e4ff6e,,task.series.05.036,assets/authoritative/batch06/f6e0e9f7b23e9f42.png,任务|背包|奖励|特殊场景,base,用户确认的任务物视觉引用；仅参与任务、背包、奖励或特殊场景显示，不创建事实实体。,f6e0e9f7b23e9f424e476000a8bad78aa00ad0e6f0e30cc0ce544c8ac4476296
merged_final_assets/batch06/22_圣杯.png,visual.asset.b5f7c4c2e4b1804b,圣杯,关键任务物/宝藏,mapped_task_reference,,,,visual.task_item.ff3f779360a58ddb,,task.series.12.100|task.series.13.101,assets/authoritative/batch06/b5f7c4c2e4b1804b.png,任务|背包|奖励|特殊场景,base,用户确认的任务物视觉引用；仅参与任务、背包、奖励或特殊场景显示，不创建事实实体。,b5f7c4c2e4b1804b68c7d77e75d44578b8b39bdbced17b95ecc05be6b3d8639c
merged_final_assets/batch06/23_玉筒.png,visual.asset.f1f9d07d9a3bf719,玉筒,关键任务物/宝藏,mapped_task_reference,,,,visual.task_item.43c7d7cefa4ae8b6,,task.series.12.100|task.series.13.101,assets/authoritative/batch06/f1f9d07d9a3bf719.png,任务|背包|奖励|特殊场景,base,用户确认的任务物视觉引用；仅参与任务、背包、奖励或特殊场景显示，不创建事实实体。,f1f9d07d9a3bf719c6cf0a15a7bee8d85dd80e6230f4df97bb9c25d8b5e96ed5
merged_final_assets/batch06/24_水晶头骨.png,visual.asset.caef2ac166cabb29,水晶头骨,关键任务物/宝藏,mapped_task_reference,,,,visual.task_item.b40abb7dbcb5e4b7,,task.series.12.100|task.series.13.101,assets/authoritative/batch06/caef2ac166cabb29.png,任务|背包|奖励|特殊场景,base,用户确认的任务物视觉引用；仅参与任务、背包、奖励或特殊场景显示，不创建事实实体。,caef2ac166cabb29444d98669bc7eef77da6698217d550c801f76325f376ef04
merged_final_assets/batch06/25_太阳徽章.png,visual.asset.ebcde7d676f436d3,太阳徽章,关键任务物/宝藏,mapped_task_reference,,,,visual.task_item.083b844a413f2339,,task.series.05.032|task.series.05.033,assets/authoritative/batch06/ebcde7d676f436d3.png,任务|背包|奖励|特殊场景,base,用户确认的任务物视觉引用；仅参与任务、背包、奖励或特殊场景显示，不创建事实实体。,ebcde7d676f436d35d317195aef4543f763c9adcf291d0225e03db7252a61dda
merged_final_assets/batch06/26_月影水晶球.png,visual.asset.411b1bd41f86173e,月影水晶球,关键任务物/宝藏,mapped_task_reference,,,,visual.task_item.e035a3d7f7cc3b0e,,task.series.12.100|task.series.13.101,assets/authoritative/batch06/411b1bd41f86173e.png,任务|背包|奖励|特殊场景,base,用户确认的任务物视觉引用；仅参与任务、背包、奖励或特殊场景显示，不创建事实实体。,411b1bd41f86173eed13859db10cfd098a0aadad9382fe52d8c9f484911ff5d7
merged_final_assets/batch06/27_古护符.png,visual.asset.ba717600c40947e3,古护符,关键任务物/宝藏,mapped_task_reference,,,,visual.task_item.07189b7db2ed38ac,,task.series.12.100|task.series.13.101,assets/authoritative/batch06/ba717600c40947e3.png,任务|背包|奖励|特殊场景,base,用户确认的任务物视觉引用；仅参与任务、背包、奖励或特殊场景显示，不创建事实实体。,ba717600c40947e3447323ed2c25b828ef45c60084ccd723e9ed25ebdcda1dd4
merged_final_assets/batch06/28_青龙玉佩.png,visual.asset.39638095cc27960c,青龙玉佩,关键任务物/宝藏,mapped_task_reference,,,,visual.task_item.586fec3896207a43,,task.series.12.096|task.series.15.519,assets/authoritative/batch06/39638095cc27960c.png,任务|背包|奖励|特殊场景,base,用户确认的任务物视觉引用；仅参与任务、背包、奖励或特殊场景显示，不创建事实实体。,39638095cc27960ce71b48c456e229c3b58c1f7c51bf4cdfd447fe7f2a227ba7
merged_final_assets/batch06/29_镇印石盒.png,visual.asset.fb3f4b6bbc02a564,镇印石盒,关键任务物/宝藏,mapped_task_reference,,,,visual.task_item.ff6fcb7c28ae1ded,,task.series.12.100|task.series.13.101,assets/authoritative/batch06/fb3f4b6bbc02a564.png,任务|背包|奖励|特殊场景,base,用户确认的任务物视觉引用；仅参与任务、背包、奖励或特殊场景显示，不创建事实实体。,fb3f4b6bbc02a564228756cd685c64c9d5965febc9955789f2dc4aede5c2326d
merged_final_assets/batch06/30_漩涡怀表.png,visual.asset.c9326586616c93f8,漩涡怀表,关键任务物/宝藏,mapped_task_reference,,,,visual.task_item.5c27467ecfa61e61,,task.series.12.100|task.series.13.101,assets/authoritative/batch06/c9326586616c93f8.png,任务|背包|奖励|特殊场景,base,用户确认的任务物视觉引用；仅参与任务、背包、奖励或特殊场景显示，不创建事实实体。,c9326586616c93f86e8770525aca020185b80f1d7030a58c7e6f3c93063f9dfd
merged_final_assets/batch07/01_三桅大型帆船.png,visual.asset.631d5ce7176f8e17,三桅大型帆船,船只/地点事件,mapped_type_slot,,,visual.ship_type.f12492991577bd14,,entity.ship.1144799cb8ed2a29,,assets/authoritative/batch07/631d5ce7176f8e17.png,航海|船只|海上事件,base,绑定船型或海上事件视觉槽位；同一船型可服务多个正式船只。,631d5ce7176f8e174b9e03ebac1ba61c88c08b2c4c2822106b284d5c82a5b4f7
merged_final_assets/batch07/02_小型单桅帆船.png,visual.asset.f9b7068b8d2e2988,小型单桅帆船,船只/地点事件,mapped_type_slot,,,visual.ship_type.718d35a8538aca66,,entity.ship.514c6fd345588f41|entity.ship.dc6754519989e393,,assets/authoritative/batch07/f9b7068b8d2e2988.png,航海|船只|海上事件,base,绑定船型或海上事件视觉槽位；同一船型可服务多个正式船只。,f9b7068b8d2e2988b9b842f39e3a40fcb6f49a0a635170a0071161a04346b6a6
merged_final_assets/batch07/03_双桅商船.png,visual.asset.0712a9416fb8852e,双桅商船,船只/地点事件,mapped_type_slot,,,visual.ship_type.cf9bb152465a73b4,,entity.ship.2a6600258ca76ea9|entity.ship.c15e0dbe8ed8061f,,assets/authoritative/batch07/0712a9416fb8852e.png,航海|船只|海上事件,base,绑定船型或海上事件视觉槽位；同一船型可服务多个正式船只。,0712a9416fb8852e42476843e77d4a96114304b60647bf5174234441b553cab4
merged_final_assets/batch07/04_武装商船.png,visual.asset.0dd550cb96e048b1,武装商船,船只/地点事件,mapped_type_slot,,,visual.ship_type.c2aa3a8d546c69ce,,entity.ship.a073bbc8c0bcaf91|entity.ship.70ffc9f7d2d63fa7,,assets/authoritative/batch07/0dd550cb96e048b1.png,航海|船只|海上事件,base,绑定船型或海上事件视觉槽位；同一船型可服务多个正式船只。,0dd550cb96e048b13b1b046bc144fa5c2d502b7cf552b7337d538bd04665e40b
merged_final_assets/batch07/05_卡拉维尔帆船.png,visual.asset.994623337720e87d,卡拉维尔帆船,船只/地点事件,mapped_type_slot,,,visual.ship_type.6d0a992e272ac3f5,,entity.ship.dc9c294dbd50e292,,assets/authoritative/batch07/994623337720e87d.png,航海|船只|海上事件,base,绑定船型或海上事件视觉槽位；同一船型可服务多个正式船只。,994623337720e87dedb91b7a2f3221deb2956024dc39f09e0d67389c01b37880
merged_final_assets/batch07/06_盖伦帆船.png,visual.asset.8e2e65fa7d7b1c48,盖伦帆船,船只/地点事件,mapped_type_slot,,,visual.ship_type.2752936b94f6c653,,entity.ship.321afbee35febd3a|entity.ship.cc19ccf81382a52f|entity.ship.1144799cb8ed2a29,,assets/authoritative/batch07/8e2e65fa7d7b1c48.png,航海|船只|海上事件,base,绑定船型或海上事件视觉槽位；同一船型可服务多个正式船只。,8e2e65fa7d7b1c489b6b834ae19ebdcf6a889ab78f8f0a1a8caa10e99c112d6f
merged_final_assets/batch07/07_中国福船.png,visual.asset.b2b1d52c845c5327,中国福船,船只/地点事件,mapped_type_slot,,,visual.ship_type.464afca63348e5be,,entity.ship.dbfe011eee2bfdcc|entity.ship.98c718db52363742,,assets/authoritative/batch07/b2b1d52c845c5327.png,航海|船只|海上事件,base,绑定船型或海上事件视觉槽位；同一船型可服务多个正式船只。,b2b1d52c845c53274bb1add16d0b1b304bcf50993160074bde2d4e1a774aab2d
merged_final_assets/batch07/08_阿拉伯三角帆船.png,visual.asset.0f3250eaa9e70918,阿拉伯三角帆船,船只/地点事件,mapped_type_slot,,,visual.ship_type.8daf77463472c268,,entity.ship.adb0caa6ec2390c2|entity.ship.3dafb2afc2a810cb|entity.ship.dc9c294dbd50e292,,assets/authoritative/batch07/0f3250eaa9e70918.png,航海|船只|海上事件,base,绑定船型或海上事件视觉槽位；同一船型可服务多个正式船只。,0f3250eaa9e7091893e57ca3d5bbdf94da3546626ff9bd9cb55de8900b4f448d
merged_final_assets/batch07/09_海盗船.png,visual.asset.c55e6ccc50cb4aa7,海盗船,船只/地点事件,mapped_type_slot,,,visual.ship_type.d8abe8bc33bf24cb,,entity.ship.d8abe8bc33bf24cb,,assets/authoritative/batch07/c55e6ccc50cb4aa7.png,航海|船只|海上事件,base,绑定船型或海上事件视觉槽位；同一船型可服务多个正式船只。,c55e6ccc50cb4aa73017a1bebb30cf606bf57889688ab962c51e09596d6cfc97
merged_final_assets/batch07/10_幽灵船.png,visual.asset.0d3aa9048c85fc7a,幽灵船,船只/地点事件,mapped_type_slot,,,visual.ship_type.583ef5095878bba2,,entity.ship.583ef5095878bba2,,assets/authoritative/batch07/0d3aa9048c85fc7a.png,航海|船只|海上事件,base,绑定船型或海上事件视觉槽位；同一船型可服务多个正式船只。,0d3aa9048c85fc7aec032c3c5fe61493e676db80ec70998a9f8958ea154c80f3
merged_final_assets/batch07/11_明永乐大帆船.png,visual.asset.8b55bbfc0740490b,明永乐大帆船,船只/地点事件,mapped_type_slot,,,visual.ship_type.ad0207e0d83fe284,,entity.ship.98c718db52363742,,assets/authoritative/batch07/8b55bbfc0740490b.png,航海|船只|海上事件,base,绑定船型或海上事件视觉槽位；同一船型可服务多个正式船只。,8b55bbfc0740490b4b0782670521a24254ef3d500e85d5c2228ab346a0d58ba3
merged_final_assets/batch07/12_威尼斯港口.png,visual.asset.213393fe5adcc8f3,威尼斯港口,船只/地点事件,mapped_type_slot,,,visual.ship_type.751d0179e4524f84,,,,assets/authoritative/batch07/213393fe5adcc8f3.png,航海|船只|海上事件,base,绑定船型或海上事件视觉槽位；同一船型可服务多个正式船只。,213393fe5adcc8f37267602275dc4fa1b33a540bcf35257655985ab0e57bebe9
merged_final_assets/batch07/13_阿拉伯港市.png,visual.asset.f3cdb3678ac859b4,阿拉伯港市,船只/地点事件,mapped_type_slot,,,visual.ship_type.5634063d9faa73e3,,,,assets/authoritative/batch07/f3cdb3678ac859b4.png,航海|船只|海上事件,base,绑定船型或海上事件视觉槽位；同一船型可服务多个正式船只。,f3cdb3678ac859b4f48c44613fcee6a2417021c1251b482c7b525a99cfef97dc
merged_final_assets/batch07/14_中国海港.png,visual.asset.960467f5f0c12267,中国海港,船只/地点事件,mapped_type_slot,,,visual.ship_type.8b6a030c98b91993,,,,assets/authoritative/batch07/960467f5f0c12267.png,航海|船只|海上事件,base,绑定船型或海上事件视觉槽位；同一船型可服务多个正式船只。,960467f5f0c12267d023c7a00cd78dfa6c836259306a42437447d108278b4bbf
merged_final_assets/batch07/15_暴风海域.png,visual.asset.91b5c66d58d374ab,暴风海域,船只/地点事件,mapped_type_slot,,,visual.ship_type.97055b25fd6722dd,,,,assets/authoritative/batch07/91b5c66d58d374ab.png,航海|船只|海上事件,base,绑定船型或海上事件视觉槽位；同一船型可服务多个正式船只。,91b5c66d58d374ab65dcecad09e28253c43547ecfef4f4c98fd415324e8e3db9
merged_final_assets/batch07/16_宝藏岛.png,visual.asset.92ba7356c4d8d5e4,宝藏岛,船只/地点事件,mapped_type_slot,,,visual.ship_type.21a550814913ca61,,,,assets/authoritative/batch07/92ba7356c4d8d5e4.png,航海|船只|海上事件,base,绑定船型或海上事件视觉槽位；同一船型可服务多个正式船只。,92ba7356c4d8d5e4a2438869857d31c1cffd4d16082e81f1a87716359db79ed4
merged_final_assets/batch07/17_远洋灯塔.png,visual.asset.9dee313afb5497ae,远洋灯塔,船只/地点事件,mapped_type_slot,,,visual.ship_type.49cfa19b88226e7e,,,,assets/authoritative/batch07/9dee313afb5497ae.png,航海|船只|海上事件,base,绑定船型或海上事件视觉槽位；同一船型可服务多个正式船只。,9dee313afb5497aecb887ee8465b970aec38ee669d4478c5adc85effd157ce5c
merged_final_assets/batch08/01_角色状态.png,visual.asset.9e794b59821aa4b1,角色状态,UI功能图标,mapped_interface_slot,,,visual.slot.ui.status,,,,assets/authoritative/batch08/9e794b59821aa4b1.png,对应功能页,base,绑定已有界面或场景槽位。,9e794b59821aa4b10bea3c5226a47a87503f186616b96a6c3522d4ad9647c305
merged_final_assets/batch08/02_背包.png,visual.asset.e8eda238a6310299,背包,UI功能图标,mapped_interface_slot,,,visual.slot.ui.backpack,,,,assets/authoritative/batch08/e8eda238a6310299.png,对应功能页,base,绑定已有界面或场景槽位。,e8eda238a63102999702a589c2683cf2ece362ba3468bb011163b8c76b999538
merged_final_assets/batch08/03_装备栏.png,visual.asset.a29859f2d47b6ff0,装备栏,UI功能图标,mapped_interface_slot,,,visual.slot.ui.equipment,,,,assets/authoritative/batch08/a29859f2d47b6ff0.png,装备|背包|战斗|对应功能页,base,绑定已有界面或场景槽位。,a29859f2d47b6ff011b59dcafb5895947eebe1293f24ccf7b0df01def8a0eb0b
merged_final_assets/batch08/04_任务日志.png,visual.asset.d53dc073fcd165ca,任务日志,UI功能图标,mapped_interface_slot,,,visual.slot.ui.tasks,,,,assets/authoritative/batch08/d53dc073fcd165ca.png,对应功能页,base,绑定已有界面或场景槽位。,d53dc073fcd165ca95247c4b01899e5e524ea3275020250f0bd146d2b931a1a3
merged_final_assets/batch08/05_城市地图.png,visual.asset.2c328ec750e6aab8,城市地图,UI功能图标,mapped_interface_slot,,,visual.slot.ui.map,,,,assets/authoritative/batch08/2c328ec750e6aab8.png,对应功能页,base,绑定已有界面或场景槽位。,2c328ec750e6aab8235657d2ab0a50000d9ac0f463b70770a7263b8616050994
merged_final_assets/batch08/06_航海.png,visual.asset.2013b327a7625914,航海,UI功能图标,mapped_interface_slot,,,visual.slot.ui.voyage,,,,assets/authoritative/batch08/2013b327a7625914.png,对应功能页,base,绑定已有界面或场景槽位。,2013b327a7625914f7333e64618b108ae79f4d72b05f848396b399fdedcda4b7
merged_final_assets/batch08/07_战斗.png,visual.asset.145d95aa242ae5ac,战斗,UI功能图标,mapped_interface_slot,,,visual.slot.ui.combat,,,,assets/authoritative/batch08/145d95aa242ae5ac.png,对应功能页,base,绑定已有界面或场景槽位。,145d95aa242ae5ac2c18cbc2bfe3615c7fe8c188cc059c87c501f5b38cde10fc
merged_final_assets/batch08/08_商店交易.png,visual.asset.582020cce23d0c17,商店交易,UI功能图标,mapped_interface_slot,,,visual.slot.ui.shop,,,,assets/authoritative/batch08/582020cce23d0c17.png,对应功能页,base,绑定已有界面或场景槽位。,582020cce23d0c171a8c4dc6b5dcfb64616cad16aa37d8c2fa1fd15f4b694d0d
merged_final_assets/batch08/09_仓库.png,visual.asset.7789e53b9eae5ea1,仓库,UI功能图标,mapped_interface_slot,,,visual.slot.ui.storage,,,,assets/authoritative/batch08/7789e53b9eae5ea1.png,对应功能页,base,绑定已有界面或场景槽位。,7789e53b9eae5ea1147b7f6d616be3ae44106e3347130f072b6d18b1df4cdbba
merged_final_assets/batch08/10_宠物.png,visual.asset.3bb32009c0dfcb7d,宠物,UI功能图标,mapped_interface_slot,,,visual.slot.ui.pet,,,,assets/authoritative/batch08/3bb32009c0dfcb7d.png,对应功能页,base,绑定已有界面或场景槽位。,3bb32009c0dfcb7d2dd0d10ca3a8a674f8a4beb55e7a3687ff766c254a6bee9b
merged_final_assets/batch08/11_钓鱼.png,visual.asset.bf73742fdf393ff8,钓鱼,UI功能图标,mapped_interface_slot,,,visual.slot.ui.fishing,,,,assets/authoritative/batch08/bf73742fdf393ff8.png,对应功能页,base,绑定已有界面或场景槽位。,bf73742fdf393ff8dfad28444c8c6c2b90dc2f77b8c1030c3ece4d03a7fa6033
merged_final_assets/batch08/12_图鉴情报.png,visual.asset.2dfc0d2f403b015e,图鉴情报,UI功能图标,mapped_interface_slot,,,visual.slot.ui.debug_compendium,,,,assets/authoritative/batch08/2dfc0d2f403b015e.png,对应功能页,base,绑定已有界面或场景槽位。,2dfc0d2f403b015e31b001bfa4f4dbf3e9ae05275f9c278752e4f90e2a796859
merged_final_assets/batch08/13_顺风航行.png,visual.asset.d9fbfd3350424545,顺风航行,航海事件图,mapped_interface_slot,,,visual.slot.maritime_event.200,,,,assets/authoritative/batch08/d9fbfd3350424545.png,航海|船只|对应功能页,base,绑定已有界面或场景槽位。,d9fbfd33504245458672c90a0415b97c5814c26ff480b7cec8988623bea5fafd
merged_final_assets/batch08/14_逆风航行.png,visual.asset.b6d385906e99941d,逆风航行,航海事件图,mapped_interface_slot,,,visual.slot.maritime_event.201,,,,assets/authoritative/batch08/b6d385906e99941d.png,航海|船只|对应功能页,base,绑定已有界面或场景槽位。,b6d385906e99941d98c94c155091af1f5ed3916eca9ac36ae88521fddd0dbe0b
merged_final_assets/batch08/15_暴风雨.png,visual.asset.b29b21faf9333d2c,暴风雨,航海事件图,mapped_interface_slot,,,visual.slot.maritime_event.202,,,,assets/authoritative/batch08/b29b21faf9333d2c.png,航海|船只|对应功能页,base,绑定已有界面或场景槽位。,b29b21faf9333d2c3e0ec185e17829a2639eba54176a6d575b9d9cb3d41a493a
merged_final_assets/batch08/16_漩涡.png,visual.asset.5c193d0f221ba275,漩涡,航海事件图,mapped_interface_slot,,,visual.slot.maritime_event.203,,,,assets/authoritative/batch08/5c193d0f221ba275.png,航海|船只|对应功能页,base,绑定已有界面或场景槽位。,5c193d0f221ba27529619f6b679925511aa63f804e9029d70d3fa6d5e8023e14
merged_final_assets/batch08/17_暗礁触礁危险.png,visual.asset.c86dac4efed4584a,暗礁触礁危险,航海事件图,mapped_interface_slot,,,visual.slot.maritime_event.204,,,,assets/authoritative/batch08/c86dac4efed4584a.png,航海|船只|对应功能页,base,绑定已有界面或场景槽位。,c86dac4efed4584aa4646a4bd091156e9a55d5a3507a18c782b44840299caa5e
merged_final_assets/batch08/18_海盗来袭.png,visual.asset.376324b4d76222c8,海盗来袭,航海事件图,mapped_interface_slot,,,visual.slot.maritime_event.205,,,,assets/authoritative/batch08/376324b4d76222c8.png,航海|船只|对应功能页,base,绑定已有界面或场景槽位。,376324b4d76222c8640b63e49c85ce3062b27f0c823fd0f0a2dde0ac055b4525
merged_final_assets/batch08/19_怪船遭遇.png,visual.asset.8bb0b4c31a3e592f,怪船遭遇,航海事件图,mapped_interface_slot,,,visual.slot.maritime_event.206,,,,assets/authoritative/batch08/8bb0b4c31a3e592f.png,航海|船只|对应功能页,base,绑定已有界面或场景槽位。,8bb0b4c31a3e592f7ecd93bdb05f3612a07a3d222856e8ab238715fafd42998e
merged_final_assets/batch08/20_发现漂流宝箱.png,visual.asset.b735ed6720f152cc,发现漂流宝箱,航海事件图,mapped_interface_slot,,,visual.slot.maritime_event.207,,,,assets/authoritative/batch08/b735ed6720f152cc.png,航海|船只|对应功能页,base,绑定已有界面或场景槽位。,b735ed6720f152cc0b27dfaf28210a8902054d026d22dc0cdee8493aab57aa97
merged_final_assets/batch08/21_发现藏宝线索.png,visual.asset.8250ae8276afa71d,发现藏宝线索,航海事件图,mapped_interface_slot,,,visual.slot.maritime_event.208,,,,assets/authoritative/batch08/8250ae8276afa71d.png,航海|船只|对应功能页,base,绑定已有界面或场景槽位。,8250ae8276afa71daa57111733b33e0c3fbb04927e563d8f2719f0b7515a8cbf
merged_final_assets/batch08/22_港口停靠.png,visual.asset.053a950bbe25cb62,港口停靠,航海事件图,mapped_interface_slot,,,visual.slot.maritime_event.209,,,,assets/authoritative/batch08/053a950bbe25cb62.png,航海|船只|对应功能页,base,绑定已有界面或场景槽位。,053a950bbe25cb6228a4c5e21bd0a995babeb2d07b28de131b3f9e723366b610
merged_final_assets/batch08/23_荒岛登陆.png,visual.asset.55e707f2206c8a0b,荒岛登陆,航海事件图,mapped_interface_slot,,,visual.slot.maritime_event.210,,,,assets/authoritative/batch08/55e707f2206c8a0b.png,航海|船只|对应功能页,base,绑定已有界面或场景槽位。,55e707f2206c8a0b76fe9db465f1dfca51766a5815fe40954b89e2fd5ceec98f
merged_final_assets/batch08/24_夜航月夜海面.png,visual.asset.2def515d66de4024,夜航月夜海面,航海事件图,mapped_interface_slot,,,visual.slot.maritime_event.211,,,,assets/authoritative/batch08/2def515d66de4024.png,航海|船只|对应功能页,base,绑定已有界面或场景槽位。,2def515d66de40249640e212e1f48ece9854755dc5bfc20abccbe1261c4cc7a7
merged_final_assets/batch09/01_欧洲王城广场.png,visual.asset.ee58b6af91c34dde,欧洲王城广场,地点插图,mapped_interface_slot,,,visual.slot.location_scene.212,,,,assets/authoritative/batch09/ee58b6af91c34dde.png,地点|地图|对应功能页,base,绑定已有界面或场景槽位。,ee58b6af91c34dde72ed7147dd9295fd7ed953838b6c0f163b95c184e5a14501
merged_final_assets/batch09/02_王宫贵族府邸.png,visual.asset.720996142b1ec8f4,王宫贵族府邸,地点插图,mapped_interface_slot,,,visual.slot.location_scene.213,,,,assets/authoritative/batch09/720996142b1ec8f4.png,地点|地图|对应功能页,base,绑定已有界面或场景槽位。,720996142b1ec8f42db63437efcfc7c1e7da16d6d9fe2c1d7a16f544e4277f6e
merged_final_assets/batch09/03_海盗港.png,visual.asset.6ddc484f265fc9c2,海盗港,地点插图,mapped_interface_slot,,,visual.slot.location_scene.214,,,,assets/authoritative/batch09/6ddc484f265fc9c2.png,地点|地图|对应功能页,base,绑定已有界面或场景槽位。,6ddc484f265fc9c2a4dad1a0718212bb640b8e844dd916bedb776dd8de5d06b0
merged_final_assets/batch09/04_船坞造船厂.png,visual.asset.19bbcbbf23647f83,船坞造船厂,地点插图,mapped_interface_slot,,,visual.slot.location_scene.215,,,,assets/authoritative/batch09/19bbcbbf23647f83.png,地点|地图|对应功能页,base,绑定已有界面或场景槽位。,19bbcbbf23647f83484bdf326aad6ecf4fdf81bec089df82d0618817fbc5264c
merged_final_assets/batch09/05_酒馆.png,visual.asset.eb52fbc45d075140,酒馆,地点插图,mapped_interface_slot,,,visual.slot.location_scene.216,,,,assets/authoritative/batch09/eb52fbc45d075140.png,地点|地图|对应功能页,base,绑定已有界面或场景槽位。,eb52fbc45d0751408ea44f56a61e8b893ead02661f3ff996d0ccb49d16b0d96b
merged_final_assets/batch09/06_赌场.png,visual.asset.578e11480ad3c4c3,赌场,地点插图,mapped_interface_slot,,,visual.slot.location_scene.217,,,,assets/authoritative/batch09/578e11480ad3c4c3.png,地点|地图|对应功能页,base,绑定已有界面或场景槽位。,578e11480ad3c4c395934d659efa1db4df153e9373564268994bd634b271d022
merged_final_assets/batch09/07_渔村码头.png,visual.asset.0ccf508bae916b0b,渔村码头,地点插图,mapped_interface_slot,,,visual.slot.location_scene.218,,,,assets/authoritative/batch09/0ccf508bae916b0b.png,地点|地图|对应功能页,base,绑定已有界面或场景槽位。,0ccf508bae916b0b2ec99faa20acb86ebbb10f4703be486a90033e9d7cbe183f
merged_final_assets/batch09/08_沙漠绿洲商旅集市.png,visual.asset.e6c661c4c2e7f43f,沙漠绿洲商旅集市,地点插图,mapped_interface_slot,,,visual.slot.location_scene.219,,,,assets/authoritative/batch09/e6c661c4c2e7f43f.png,地点|地图|对应功能页,base,绑定已有界面或场景槽位。,e6c661c4c2e7f43f167ab2f15246c6d879bb30b20b1d185c976578f23fbced96
merged_final_assets/batch09/09_道观仙山.png,visual.asset.2573079360e4069f,道观仙山,地点插图,mapped_interface_slot,,,visual.slot.location_scene.220,,,,assets/authoritative/batch09/2573079360e4069f.png,地点|地图|对应功能页,base,绑定已有界面或场景槽位。,2573079360e4069f7235cd670078462fd47aa6510f746f0156ab66d7a4a39108
merged_final_assets/batch09/10_火山岛.png,visual.asset.8bfeda7a2b13df39,火山岛,地点插图,mapped_interface_slot,,,visual.slot.location_scene.221,,,,assets/authoritative/batch09/8bfeda7a2b13df39.png,地点|地图|对应功能页,base,绑定已有界面或场景槽位。,8bfeda7a2b13df39f775d862527c8edd5361347e2cfaaa93bc7615d1be3414dd
merged_final_assets/batch09/11_沼泽秘境.png,visual.asset.1f7573e5fe6836b5,沼泽秘境,地点插图,mapped_interface_slot,,,visual.slot.location_scene.222,,,,assets/authoritative/batch09/1f7573e5fe6836b5.png,地点|地图|对应功能页,base,绑定已有界面或场景槽位。,1f7573e5fe6836b51177dd92846eb27eee876f49d2bdcdeef4b266a2dd4655ee
merged_final_assets/batch09/12_古代遗迹地下藏宝洞.png,visual.asset.026f847d00bf6846,古代遗迹地下藏宝洞,地点插图,mapped_interface_slot,,,visual.slot.location_scene.223,,,,assets/authoritative/batch09/026f847d00bf6846.png,地点|地图|对应功能页,base,绑定已有界面或场景槽位。,026f847d00bf68468eb24c211ca49199001b1967d7ac05c2e1f67f6a140d3068
merged_final_assets/batch09/13_造船师船匠.png,visual.asset.bb8b244bd8e9995f,造船师船匠,功能NPC,mapped_interface_slot,,,visual.slot.npc.shipwright,,derived.npc_definition.005b662c6f0f0a3d,,assets/authoritative/batch09/bb8b244bd8e9995f.png,NPC|对话|对应功能页,base,功能 NPC 使用功能槽位；同类 NPC 可共享该视觉，不伪造 NPC 实体。,bb8b244bd8e9995fc6ed20b56fad4f21f6816df4c397063c1d2cc7ceafcbddf6
merged_final_assets/batch09/14_酒馆老板.png,visual.asset.f35daf6600cdbd55,酒馆老板,功能NPC,mapped_interface_slot,,,visual.slot.npc.tavern_keeper,,,,assets/authoritative/batch09/f35daf6600cdbd55.png,NPC|对话|对应功能页,base,功能 NPC 使用功能槽位；同类 NPC 可共享该视觉，不伪造 NPC 实体。,f35daf6600cdbd5522fd800757ee15e9a8dbdd5fda3c283610e5b2011aeab2eb
merged_final_assets/batch09/15_商会管事贸易商.png,visual.asset.41ec67323d97fc7d,商会管事贸易商,功能NPC,mapped_interface_slot,,,visual.slot.npc.trade_officer,,,,assets/authoritative/batch09/41ec67323d97fc7d.png,NPC|对话|对应功能页,base,功能 NPC 使用功能槽位；同类 NPC 可共享该视觉，不伪造 NPC 实体。,41ec67323d97fc7d046812f4c1ad2e40bc62a5a3fdd54a1c51428bfe562734d6
merged_final_assets/batch09/16_港务官海关官员.png,visual.asset.31cb4c6908d9eb02,港务官海关官员,功能NPC,mapped_interface_slot,,,visual.slot.npc.port_officer,,,,assets/authoritative/batch09/31cb4c6908d9eb02.png,NPC|对话|对应功能页,base,功能 NPC 使用功能槽位；同类 NPC 可共享该视觉，不伪造 NPC 实体。,31cb4c6908d9eb025ca2fb0cf4bf0c48fe22857e2a11e84112705cfac20552fd
merged_final_assets/batch09/17_航海士大副.png,visual.asset.016c64cb3f024b08,航海士大副,功能NPC,mapped_interface_slot,,,visual.slot.npc.navigator,,,,assets/authoritative/batch09/016c64cb3f024b08.png,NPC|对话|对应功能页,base,功能 NPC 使用功能槽位；同类 NPC 可共享该视觉，不伪造 NPC 实体。,016c64cb3f024b08474ca14489254d5c535e661b8849c34c623621356c621e73
merged_final_assets/batch09/18_治疗者药师修女.png,visual.asset.4bca101b629d377d,治疗者药师修女,功能NPC,mapped_interface_slot,,,visual.slot.npc.healer,,,,assets/authoritative/batch09/4bca101b629d377d.png,NPC|对话|对应功能页,base,功能 NPC 使用功能槽位；同类 NPC 可共享该视觉，不伪造 NPC 实体。,4bca101b629d377de07a427e046ad73f0f5c835c08dfcbaf1bfaeede7be493e2
